smiles,pIC50
O=C(OC1([C@H]2CCC[C@@H](c3cc(F)cc(F)c3)N2S(=O)(=O)c2ccc(Cl)cc2)CC1)N1CCC(N2CCCCC2)CC1,9.522878745
CO[C@H]1CC[C@]2(CC1)Cc1ccc(OCCC(F)(F)F)cc1[C@@]21N=C(C)C(N)=N1,9.15490196
CO[C@H]1CC[C@]2(CC1)Cc1ccc(C#CC(C)C)cc1[C@]21N=C(C)C(N)=N1,9.15490196
CO[C@H]1CC[C@]2(CC1)Cc1cc(F)c(-c3cc(Cl)cc(C#N)c3)cc1[C@@]21N=C(C)C(N)=N1,9.096910013
CO[C@H]1CC[C@]2(CC1)Cc1ccc(OCCC3CC3)cc1C21N=C(C)C(N)=N1,9.096910013
CO[C@H]1CC[C@]2(CC1)Cc1ccc(OCC3CC3)cc1[C@@]21N=C(C)C(N)=N1,9.045757491
C[C@@]1(c2cc(NC(=O)c3ccc(OC(F)F)cn3)ccc2F)Cn2nc(C#N)cc2C(N)=N1,9
CCS(=O)(=O)NC[C@@H]1CCC[C@@]2(S(=O)(=O)c3ccc(Cl)cc3)c3c(F)ccc(F)c3OC[C@@H]12,9
CC#Cc1cncc(-c2ccc3c(c2)[C@@]2(N=C(C)C(N)=N2)[C@]2(CC[C@H](O)CC2)C3)c1,9
COc1cc(C#N)cc(-c2ccc3c(c2)C2(N=C(C)C(N)=N2)[C@]2(CC3)CC[C@@H](OC)CC2)c1,9
C[C@@]1(c2cc(NC(=O)c3ccc(C#N)cn3)ccc2F)Cn2nc(C#N)cc2C(N)=N1,9
C[C@@]1(c2cc(NC(=O)c3cnc(OCF)cn3)ccc2F)Cn2nc(C#N)cc2C(N)=N1,8.920818754
CO[C@H]1CC[C@]2(CC1)Cc1ccc(OCC3CCC3)cc1[C@@]21N=C(C)C(N)=N1,8.886056648
COc1cnc(C(=O)Nc2ccc(F)c([C@]3(C)Cn4nc(C#N)cc4C(N)=N3)c2)cn1,8.886056648
O=S(=O)(CC[C@@H]1OCC[C@@]2(S(=O)(=O)c3ccc(Cl)cc3)c3c(F)ccc(F)c3OCC12)CCn1cccn1,8.853871964
CO[C@H]1CC[C@]2(CC1)Cc1ccc(OCC3CCC3)cc1C21N=C(C)C(N)=N1,8.823908741
CC1=N[C@]2(N=C1N)c1cc(OCCCF)ccc1C[C@]21CC[C@@H](OC(F)F)CC1,8.795880017
CC1=N[C@]2(N=C1N)c1cc(-c3cc(Cl)cc(C#N)c3)ccc1C[C@]21CC[C@@H](O)CC1,8.795880017
CO[C@H]1CC[C@]2(CC1)Cc1ccc(OCC3CC3)cc1C21N=C(C)C(N)=N1,8.795880017
CO[C@H]1CC[C@]2(CC1)Cc1ccc(C#CC(C)C)cc1[C@@]21N=C(C)C(N)=N1,8.795880017
CO[C@H]1CC[C@]2(CC1)Cc1cc(F)c(-c3cc(Cl)cc(C#N)c3)cc1C21N=C(C)C(N)=N1,8.769551079
O=S(=O)(CC[C@@H]1OCC[C@@]2(S(=O)(=O)c3ccc(Cl)cc3)c3c(F)ccc(F)c3OCC12)Cc1ncon1,8.769551079
O=S(=O)(CC[C@@H]1OCC[C@@]2(S(=O)(=O)c3ccc(Cl)cc3)c3c(F)ccc(F)c3OCC12)Cc1ccccn1,8.721246399
CO[C@H]1CC[C@]2(CC1)Cc1ccc(C#CC3CCC3)cc1[C@]21N=C(C)C(N)=N1,8.698970004
CO[C@H]1CC[C@]2(CC1)Cc1ccc(C#CC3CCC3)cc1[C@@]21N=C(C)C(N)=N1,8.677780705
CO[C@H]1CC[C@]2(CC1)Cc1ccc(OCC3CC3(F)F)cc1C21N=C(C)C(N)=N1,8.638272164
CC#Cc1cncc(-c2ccc3c(c2)C2(N=C(C)C(N)=N2)[C@]2(CC3)CC[C@@H](OC)CC2)c1,8.619788758
O=C(OC1([C@H]2CCC[C@@H](c3cc(F)cc(F)c3)N2S(=O)(=O)c2ccc(Cl)cc2)CC1)N1CCN(CCO)CC1,8.619788758
CC1=NC2(N=C1N)c1cc(Br)ccc1C[C@]21CC[C@@H](O)CC1,8.619788758
CCC[C@@H]1CCC[C@H](C2(OC(=O)N3CCC(N4CCCCC4)CC3)CC2)N1S(=O)(=O)c1ccc(Cl)cc1,8.602059991
CO[C@H]1CC[C@@]2(CCc3ccc(-c4cncc(Cl)c4)cc3C23N=C(C)C(N)=N3)CC1,8.602059991
CO[C@H]1CC[C@]2(CC1)Cc1ccc(OCC(C)F)cc1C21N=C(C)C(N)=N1,8.602059991
C[C@@]1(c2cc(NC(=O)c3cnc(C(F)F)cn3)ccc2F)Cn2nc(C#N)cc2C(N)=N1,8.602059991
C[C@@]1(c2cc(NC(=O)c3ccc(F)cn3)ccc2F)Cn2nc(C#N)cc2C(N)=N1,8.585026652
O=C(OC1([C@H]2CCC[C@@H](C3CC3)N2S(=O)(=O)c2ccc(Cl)cc2)CC1)N1CCC(N2CCCCC2)CC1,8.552841969
O=c1[nH]cccc1S(=O)(=O)CC[C@@H]1OCC[C@@]2(S(=O)(=O)c3ccc(Cl)cc3)c3c(F)ccc(F)c3OCC12,8.552841969
CO[C@H]1CC[C@]2(CC1)Cc1ccc(OCC3(C)CC3)cc1C21N=C(C)C(N)=N1,8.552841969
O=S(=O)(CC[C@@H]1OCC[C@@]2(S(=O)(=O)c3ccc(Cl)cc3)c3c(F)ccc(F)c3OCC12)c1ccncn1,8.537602002
Cc1cc(C#N)cnc1C(=O)Nc1ccc(F)c([C@]2(C)CO[C@@](C)(C(F)(F)F)C(N)=N2)n1,8.522878745
CO[C@H]1CC[C@]2(CC1)Cc1cc(F)c(-c3cncc(Cl)c3)cc1C21N=C(C)C(N)=N1,8.522878745
C[C@@]1(c2nc(NC(=O)c3ncc(C(F)(F)F)cc3Cl)ccc2F)CO[C@@](C)(C(F)(F)F)C(N)=N1,8.522878745
CC1(c2cc(NC(=O)c3ccc(Br)cn3)ccc2F)COCC(N)=N1,8.522878745
C[C@@]1(c2nc(NC(=O)c3ncc(C#N)cc3Cl)ccc2F)CO[C@@](C)(C(F)(F)F)C(N)=N1,8.522878745
COC1CCC2(CCc3ccc(-c4cc(Cl)cc(C#N)c4)cc3C23N=C(C)C(N)=N3)CC1,8.508638306
CC[C@@H]1CCC[C@H](C2(OC(=O)N3CCC(O)(CC)CC3)CC2)N1S(=O)(=O)c1ccc(Cl)cc1,8.494850022
C[C@@]1(c2cc(NC(=O)c3ccc(C#N)cn3)ccc2F)Cn2c(C#N)cnc2C(N)=N1,8.48148606
O=C(OC1([C@H]2CCC[C@@H](CC(F)(F)F)N2S(=O)(=O)c2ccc(Cl)cc2)CC1)N1CCC(N2CCCCC2)CC1,8.455931956
CC[C@@H]1CCC[C@H](C2(OC(=O)N3CCC(N4CCCCC4)CC3)CC2)N1S(=O)(=O)c1ccc(Cl)cc1,8.455931956
CC[C@@H]1CCC[C@H](C2(OC(=O)N3CC4CCC(C3)N4CCO)CC2)N1S(=O)(=O)c1ccc(Cl)cc1,8.455931956
C[C@@]1(c2cc(NC(=O)c3ccc(Cl)cn3)ccc2F)Cn2c(C#N)cnc2C(N)=N1,8.443697499
C[C@@]1(c2cc(NC(=O)c3ncc(C#N)cc3Cl)ccc2F)CO[C@@](C)(C(F)(F)F)C(N)=N1,8.397940009
CN(C)c1ccc(-c2nc3ccc(F)nc3o2)cc1,8.397940009
C[C@@]1(c2cccc(NC(=O)c3ccc(Br)cn3)c2)CCSC(N)=N1,8.397940009
C[C@@]1(c2cc(NC(=O)c3ncc(C#N)cc3N)ccc2F)CO[C@@](C)(C(F)(F)F)C(N)=N1,8.397940009
COc1nc(-c2cc(C)c(N[C@@H](C)c3cc(F)cc(F)c3)nn2)ccc1-n1cnc(C)c1,8.387216143
O=S(=O)(CC[C@@H]1OCC[C@@]2(S(=O)(=O)c3ccc(Cl)cc3)c3c(F)ccc(F)c3OCC12)c1cccnn1,8.346787486
CO[C@H]1CC[C@]2(CCc3ccc(-c4cc(Cl)cc(C#N)c4)cc3C23N=C(C)C(N)=N3)CC1,8.346787486
CO[C@H]1CC[C@]2(CC1)Cc1cc(F)c(-c3cc(F)cc(C#N)c3)cc1C21N=C(C)C(N)=N1,8.318758763
Cc1nc(C(=O)Nc2ccc(F)c([C@]3(C)Cn4nc(C#N)cc4C(N)=N3)c2)co1,8.318758763
C[C@@]1(c2nc(NC(=O)c3ncc(C#N)cc3N)ccc2F)CO[C@@](C)(C(F)(F)F)C(N)=N1,8.301029996
C[C@@]1(c2cc(NC(=O)c3ncc(Br)cn3)ccc2F)CO[C@@](C)(C(F)(F)F)C(N)=N1,8.301029996
COc1nc(-c2cc(C)c(N[C@@H](C)c3cc(F)c(F)c(F)c3)nn2)ccc1-n1cnc(C)c1,8.27572413
CP1(=O)OCC[C@]2(CCC[C@@]3(S(=O)(=O)c4ccc(Cl)cc4)c4c(F)ccc(F)c4OC[C@@H]23)CO1,8.26760624
O=S(=O)(CC[C@@H]1OCC[C@@]2(S(=O)(=O)c3ccc(Cl)cc3)c3c(F)ccc(F)c3OCC12)c1cnccn1,8.259637311
Cc1nc(CS(=O)(=O)CC[C@@H]2OCC[C@@]3(S(=O)(=O)c4ccc(Cl)cc4)c4c(F)ccc(F)c4OCC23)no1,8.236572006
COc1cc(/C=c2\sc3nc(-c4cccc(Cl)c4)cn3c2=O)cc(OC)c1O,8.22184875
Cc1cc(OC(F)F)cnc1C(=O)Nc1ccc(F)c([C@]2(C)CO[C@@](C)(C(F)(F)F)C(N)=N2)c1,8.22184875
COc1cnc(C(=O)Nc2ccc(F)c([C@]3(C)Cn4c(C#N)cnc4C(N)=N3)c2)cn1,8.200659451
O=S(=O)(CC[C@@H]1OCC[C@@]2(S(=O)(=O)c3ccc(Cl)cc3)c3c(F)ccc(F)c3OCC12)c1ncccn1,8.193820026
O=S(=O)(CC[C@@H]1OCC[C@@]2(S(=O)(=O)c3ccc(Cl)cc3)c3c(F)ccc(F)c3OCC12)Cc1cccnc1,8.180456064
CC[C@@H]1CCC[C@H](C2(OC(=O)N3CCC(N4CCCCC4)CC3)CC2)N1S(=O)(=O)c1ccc(F)c(F)c1,8.161150909
CC[C@@H]1CCC[C@H](C2(OC(=O)N3CCN(C(C)(C)CO)CC3)CC2)N1S(=O)(=O)c1ccc(Cl)cc1,8.161150909
CC(=O)CC[C@@H]1OCC[C@@]2(S(=O)(=O)c3ccc(Cl)cc3)c3c(F)ccc(F)c3OC[C@@H]12,8.15490196
Cc1cc(C#N)cnc1C(=O)Nc1ccc(F)c([C@@]2(C)N=C(N)OCC2(F)F)n1,8.15490196
COc1cc(/C=c2\sc3nc(-c4ccc(Cl)cc4)cn3c2=O)cc(OC)c1O,8.15490196
CC1(C)OC(N)=N[C@](C)(c2nc(NC(=O)c3ncc(C#N)cc3Cl)ccc2F)C1(F)F,8.15490196
CO[C@H]1CC[C@]2(CC1)Cc1cc(F)c(-c3cc(F)cc(C#N)c3)cc1[C@@]21N=C(C)C(N)=N1,8.13076828
Cn1ccc2cc(-c3nc4ccc(F)nc4o3)ccc21,8.096910013
C[C@]1(c2nc(NC(=O)c3ncc(C#N)cc3Cl)ccc2F)N=C(N)OCC1(F)F,8.096910013
O=S(=O)(N[C@@H]1CC[C@@]2(S(=O)(=O)c3ccc(Cl)cc3)c3c(F)ccc(F)c3OC[C@H]2C1)C1CC1,8.096910013
CO[C@H]1CC[C@]2(CC1)Cc1ccc(OCC3CC(F)(F)C3)cc1C21N=C(C)C(N)=N1,8.075720714
C[C@@]1(c2cc(NC(=O)c3ccc(C#N)cn3)ccc2F)Cn2cc(C#N)nc2C(N)=N1,8.070581074
C[C@@]1(c2cc(NC(=O)c3ccc(C#N)cn3)ccc2F)CO[C@@](C)(C(F)(F)F)C(N)=N1,8.045757491
C[C@@]1(c2cc(NC(=O)c3ncc(OC(F)F)cc3Cl)ccc2F)CO[C@@](C)(C(F)(F)F)C(N)=N1,8.045757491
CC[C@@H]1CCC[C@H](C2(OC(=O)N3CCC(CCO)(OC)CC3)CC2)N1S(=O)(=O)c1ccc(Cl)cc1,8.045757491
C[P@]1(=O)OC[C@]2(CCC[C@@]3(S(=O)(=O)c4ccc(Cl)cc4)c4c(F)ccc(F)c4OC[C@@H]23)CO1,8.022276395
CC[C@@H]1CCC[C@H](C2(OC(=O)N3CCN(C(C)(C)CO)CC3)CC2)N1S(=O)(=O)c1ccc(F)c(F)c1,8.017728767
C[C@@]1(c2nc(NC(=O)c3ncc(Cl)cc3Cl)ccc2F)CO[C@@](C)(C(F)(F)F)C(N)=N1,8
CC[C@@H]1CCC[C@H](C2(OC(=O)N3CCN(C(C)(C)CO)CC3)CC2)N1S(=O)(=O)c1ccc(F)cc1,8
CCS(=O)(=O)CC[C@@H]1CCC[C@@]2(S(=O)(=O)c3ccc(Cl)cc3)c3c(F)ccc(F)c3OC[C@@H]12,8
O=S(=O)(c1ccc(Cl)cc1)[C@@]12CCCC3(COC3)[C@@H]1COc1c(F)ccc(F)c12,7.995678626
O=S(=O)(CC[C@@H]1OCC[C@@]2(S(=O)(=O)c3ccc(Cl)cc3)c3c(F)ccc(F)c3OCC12)c1ccnnc1,7.991399828
Cn1ccc2cc(-c3nc4ccc(F)nc4o3)cnc21,7.978810701
CC1=NC2(N=C1N)c1cc(-c3cncc(Cl)c3)ccc1CCC21CC1,7.958607315
CC[C@@H]1CCC[C@H](C2(OC(=O)N3CCN(CCO)CC3)CC2)N1S(=O)(=O)c1ccc(Cl)cc1,7.920818754
CC(C)(CO)N1CCN(C(=O)OC2([C@H]3CCC[C@@H](C4CC4)N3S(=O)(=O)c3ccc(Cl)cc3)CC2)CC1,7.920818754
CC[C@@H]1CCC[C@H](C2(OC(=O)N3CCN(CCO)C[C@@H]3C)CC2)N1S(=O)(=O)c1ccc(Cl)cc1,7.920818754
[C-]#[N+]c1cc(Cl)cc(-c2cc3c(cc2C)C[C@]2(CC[C@@H](OC)CC2)C32N=C(C)C(N)=N2)c1,7.920818754
C[C@]1(c2nc(NC(=O)c3ncc(Cl)cc3Cl)ccc2F)N=C(N)OCC1(F)F,7.920818754
Nc1c2c(nc3ccccc13)CCCC2,7.913284336
C[C@@]1(c2cc(NC(=O)c3ccc(F)cn3)ccc2F)Cn2c(C#N)cnc2C(N)=N1,7.899629455
O=S(=O)(CC[C@@H]1OCC[C@@]2(S(=O)(=O)c3ccc(Cl)cc3)c3c(F)ccc(F)c3OCC12)c1cncnc1,7.88941029
C[C@]1(c2nc(NC(=O)c3nn(C(F)F)cc3Cl)ccc2F)N=C(N)OCC1(F)F,7.886056648
CC[C@@H]1CCC[C@H](C2(OC(=O)N3CCN(CCO)[C@@H](C)C3)CC2)N1S(=O)(=O)c1ccc(Cl)cc1,7.886056648
Fc1ccc2nc(-c3ccc4[nH]ccc4c3)oc2n1,7.860120914
O=S(=O)(c1ccc(Cl)cc1)[C@@]12CCC[C@]3(CCOC3)[C@@H]1COc1c(F)ccc(F)c12,7.8569852
O=S(=O)(NC[C@@H]1CCC[C@@]2(S(=O)(=O)c3ccc(Cl)cc3)c3c(F)ccc(F)c3OC[C@@H]12)C(F)(F)F,7.853871964
CNc1ccc(-c2nc3ccc(OC)cc3s2)c(F)n1,7.853871964
O=C(OC1([C@H]2CCC[C@@H](CC(F)(F)F)N2S(=O)(=O)c2ccc(Cl)cc2)CC1)N1CCN(CCO)CC1,7.853871964
C[C@]1(c2nc(NC(=O)c3ccc(C#N)cn3)ccc2F)N=C(N)OCC1(F)F,7.853871964
O=S(=O)(c1ccc(Cl)cc1)[C@@]12CCO[C@@H](CCC(O)CO)[C@@H]1COc1c(F)ccc(F)c12,7.823908741
O=C(O[C@H]1CCC2CCCC1N2S(=O)(=O)c1ccc(Cl)cc1)N1CCC(N2CCCCC2)CC1,7.823908741
CC[C@@H]1CCC[C@H](C2(OC(=O)N3CCC(N4CCCCC4)CC3)CC2)N1S(=O)(=O)c1ccc(F)cc1,7.795880017
O=C(OC[C@H]1CCC[C@@H](c2ccccc2)N1S(=O)(=O)c1ccc(Cl)cc1)N1CCC(N2CCCCC2)CC1,7.795880017
CC1=NC2(N=C1N)c1cc(-c3cc(Cl)cc(C#N)c3)ccc1CCC21CC1,7.795880017
CC[C@@H](C)Oc1ccc2c(c1)C1(N=C(C)C(N)=N1)[C@]1(CC[C@H](OC)CC1)C2,7.795880017
O=C(OC1([C@H]2CCC[C@@H](C3CC3)N2S(=O)(=O)c2ccc(Cl)cc2)CC1)N1CCN(CCCO)CC1,7.795880017
COc1ccc(S(=O)(=O)CC[C@@H]2OCC[C@@]3(S(=O)(=O)c4ccc(Cl)cc4)c4c(F)ccc(F)c4OCC23)cn1,7.782516056
O=C(OC1([C@H]2CCC[C@@H](c3cc(F)cc(F)c3)N2S(=O)(=O)c2ccc(Cl)cc2)CC1)N1CC[C@@H](O)C1,7.769551079
COc1cnc(C(=O)Nc2ccc(F)c([C@]3(C)CO[C@@](C)(C(F)(F)F)C(N)=N3)c2)c(C)c1,7.769551079
CC#Cc1cncc(-c2cc3c(cc2C)C[C@]2(CC[C@@H](OC)CC2)C32N=C(C)C(N)=N2)c1,7.769551079
C[C@@]1(c2cccc(NC(=O)c3ccc(Br)cn3)c2)COCC(N)=N1,7.769551079
CC[C@@H]1CCC[C@H](C2(OC(=O)N3CCN(CCCO)CC3)CC2)N1S(=O)(=O)c1ccc(Cl)cc1,7.769551079
O=C(COC(=O)c1ccc(O)c(O)c1)Nc1c2c(nc3ccccc13)CCCC2,7.760450279
COc1cc(/C=c2\sc3nc(-c4ccc(Cl)cc4)cn3c2=O)cc(Br)c1O,7.744727495
COc1cc(/C=c2\sc3nc(-c4ccc(Cl)cc4)cn3c2=O)cc(O)c1O,7.744727495
Nc1ncccc1S(=O)(=O)CC[C@@H]1OCC[C@@]2(S(=O)(=O)c3ccc(Cl)cc3)c3c(F)ccc(F)c3OCC12,7.744727495
O=c1ccc(S(=O)(=O)CC[C@@H]2OCC[C@@]3(S(=O)(=O)c4ccc(Cl)cc4)c4c(F)ccc(F)c4OCC23)c[nH]1,7.728158393
CNc1ccc(-c2nc3ccc(O)cc3s2)cc1,7.721246399
CNc1ccc(-c2cc3cc(C(N)=O)ccc3o2)c(F)n1,7.721246399
CO[C@H]1CC[C@]2(CCc3ccc(-c4cncc(Cl)c4)cc3C23N=C(C)C(N)=N3)CC1,7.721246399
[3H]C([3H])([3H])N(c1ccc(-c2nc3ccc(O)cc3s2)cn1)C([3H])([3H])[3H],7.721246399
C[C@]1(c2nc(NC(=O)c3ncc(C#CCO)cc3Cl)ccc2F)N=C(N)OCC1(F)F,7.721246399
C[C@@]1(c2cc(NC(=O)c3ncc(Cl)cc3Cl)ccc2F)CO[C@@](C)(C(F)(F)F)C(N)=N1,7.657577319
CNc1ccc(-c2nc3ccc(O)cc3s2)cn1,7.657577319
C[C@@]1(c2cc(NC(=O)c3ccc(Br)cn3)ccc2F)CO[C@@](C)(C(F)(F)F)C(N)=N1,7.657577319
COc1ccc(CC(=O)OCC(=O)Nc2c3c(nc4ccccc24)CCCC3)cc1OC,7.647046088
COCCOc1cnc(C(=O)Nc2ccc(F)c([C@]3(C)CO[C@@](C)(C(F)(F)F)C(N)=N3)n2)c(N)n1,7.638272164
CC1=NC2(N=C1N)c1cc(-c3cc(F)cc(C#N)c3)ccc1CCC21CC1,7.638272164
CNc1ccc(-c2nc3ccc(F)nc3o2)cc1,7.63638802
O=S(=O)(N1CC[C@]2(CCC[C@@]3(S(=O)(=O)c4ccc(Cl)cc4)c4c(F)ccc(F)c4OC[C@@H]23)C1)C(F)(F)F,7.632644079
C[C@@]1(c2nc(NC(=O)c3ncc(OC(F)F)cc3Cl)ccc2F)CO[C@@](C)(C(F)(F)F)C(N)=N1,7.619788758
CNc1ccc(-c2nc3ccc(O)cc3s2)cc1F,7.619788758
C[C@@]1(c2cc(NC(=O)c3ncc(C#N)cn3)ccc2F)CO[C@@](C)(C(F)(F)F)C(N)=N1,7.619788758
CNc1ccc(-c2cc3cc(O)ccc3o2)c(F)n1,7.619788758
CC[C@@H]1CCC[C@H](C2(OC(=O)N3CC4CCC(C3)N4CCO)CC2)N1S(=O)(=O)c1ccc(F)cc1,7.602059991
O=C(C[C@@H]1CC[C@@]2(S(=O)(=O)c3ccc(C(F)(F)F)cc3)c3c(F)ccc(F)c3OC[C@H]2C1)NCC(F)(F)F,7.602059991
Fc1ccc2nc(-c3cnc4[nH]ccc4c3)oc2n1,7.590066877
C[C@@]1(c2nc(NC(=O)c3ncc(C(F)(F)F)nc3N)ccc2F)CO[C@@](C)(C(F)(F)F)C(N)=N1,7.585026652
O=S(=O)(c1ccc(Cl)cc1)[C@@]12CCCC3(CCSCC3)[C@@H]1COc1c(F)ccc(F)c12,7.578396073
C[C@]1(c2nc(NC(=O)c3ncc(C(F)(F)F)cc3Cl)ccc2F)N=C(N)OCC1(F)F,7.568636236
[3H]N(c1ccc(-c2nc3ccc(O)cc3s2)cc1)C([3H])([3H])[3H],7.568636236
CC[C@@H]1CCC[C@H](C2(OC(=O)N3CC4CCC(C3)N4CCO)CC2)N1S(=O)(=O)c1ccc(F)c(F)c1,7.568636236
O=S(=O)(N[C@@H]1CC[C@@]2(S(=O)(=O)c3ccc(Cl)cc3)c3c(F)ccc(F)c3OC[C@H]2C1)C(F)(F)F,7.568636236
O=C(OC1([C@H]2CCC[C@@H](C3CC3)N2S(=O)(=O)c2ccc(Cl)cc2)CC1)N1CCN(CCO)CC1,7.568636236
CCCC1(O)CCN(C(=O)OC2([C@H]3CCC[C@@H](CC)N3S(=O)(=O)c3ccc(Cl)cc3)CC2)C1,7.552841969
CC[C@@H]1CCC[C@H](C2(OC(=O)N3CCC(N4CCCCC4)CC3)CC2)N1S(=O)(=O)c1cc(F)cc(F)c1,7.537602002
O=S(=O)(N[C@@H]1CC[C@@]2(S(=O)(=O)c3ccc(Cl)cc3)c3c(F)ccc(F)c3OC[C@@]2(O)C1)C1CC1,7.537602002
CNc1ncc(-c2cc3cc(O)ccc3o2)cc1F,7.522878745
C[C@]1(c2nc(NC(=O)c3ncc(OCF)nc3N)ccc2F)N=C(N)OCC1(F)F,7.522878745
C[C@@]1(c2nc(NC(=O)c3ncc(C(F)(F)F)cc3N)ccc2F)CO[C@@](C)(C(F)(F)F)C(N)=N1,7.522878745
Cn1ncc2cc(-c3nc4ccc(F)nc4o3)cnc21,7.519993057
COc1cc(C(=O)OCC(=O)Nc2c3c(nc4ccccc24)CCCC3)cc(OC)c1OC,7.512296137
COc1cc(/C=c2\sc3nc(-c4ccc(Cl)cc4)cn3c2=O)cc(Cl)c1O,7.494850022
C[C@@]1(c2cccc(NC(=O)c3ccc(Br)cn3)c2)CO[C@@](C)(C(F)(F)F)C(N)=N1,7.494850022
COc1ccc2oc(-c3ccc(C(N)=O)nc3F)cc2c1,7.494850022
CNc1ccc(-c2cc3cc(C(N)=O)ccc3o2)nc1F,7.494850022
COc1cc(/C=c2\sc3nc(-c4ccncc4C)cn3c2=O)cc(OC)c1O,7.494850022
COc1ccc(-c2nc3ccc(F)nc3o2)cc1,7.488116639
Oc1ccc2nc(-c3ccc(NCCF)nc3)sc2c1,7.48148606
COc1ccc2cc(-c3ccc(C(N)=O)cn3)oc2c1,7.48148606
CNc1ccc(-c2cc3cc(O)ccc3o2)nc1F,7.455931956
CNc1ccc2nc(-c3ccc(C(N)=O)nc3)sc2c1,7.455931956
COc1ccc2nc(-c3ccc(NCCF)nc3)oc2c1,7.455931956
Fc1ccc2nc(-c3ccc4ncsc4c3)oc2n1,7.446116973
COc1cc(C(=O)OCC(=O)Nc2c3c(nc4ccccc24)CCCC3)ccc1O,7.427593132
O=C(COC(=O)Cc1c[nH]c2ccccc12)Nc1c2c(nc3ccccc13)CCCC2,7.409381052
CN(C)c1ncc(-c2nc3ccc(O)cc3s2)cn1,7.387216143
CN(C)c1ccc(-c2nc3ccc(F)nc3o2)cn1,7.378823718
CNc1ccc(-c2nc3ccc(O)cc3s2)nc1F,7.356547324
NC(=O)c1ccc(-c2cc3cc(O)ccc3o2)c(F)n1,7.356547324
C[C@]1(c2nc(NC(=O)c3ncc(Cl)cc3N)ccc2F)N=C(N)OCC1(F)F,7.346787486
CNc1ccc(-c2cc3ccc(O)cc3o2)cn1,7.346787486
O=C(COC(=O)Cc1ccc(O)cc1)Nc1c2c(nc3ccccc13)CCCC2,7.343997679
Fc1ccc2nc(-c3ccc4cc[nH]c4c3)oc2n1,7.343901798
COc1cc(/C=C/C(=O)OCC(=O)Nc2c3c(nc4ccccc24)CCCC3)cc(OC)c1OC,7.338376591
O=C(OC1([C@H]2CCC[C@@H](C3CC3)N2S(=O)(=O)c2ccc(Cl)cc2)CC1)N1CC[C@@H](O)C1,7.337242168
COc1ccc(/C=C/C(=O)OCC(=O)Nc2c3c(nc4ccccc24)CCCC3)cc1O,7.336110701
CCC[C@@H]1CCC[C@H](C2(OC(=O)N3CC[C@@H](O)C3)CC2)N1S(=O)(=O)c1ccc(Cl)cc1,7.327902142
CN1CCc2cc(-c3nc4ccc(F)nc4o3)cnc21,7.327902142
Cn1ncc2cc(-c3nc4ccc(F)nc4o3)ccc21,7.312471039
COCC[C@]1(c2nc(NC(=O)c3ncc(C#N)cc3C)ccc2F)N=C(N)OCC1(F)F,7.30980392
COc1ccc(/C=C/C(=O)OCC(=O)Nc2c3c(nc4ccccc24)CCCC3)cc1OC,7.308564848
O=C(COC(=O)/C=C/c1ccc(Cl)cc1)Nc1c2c(nc3ccccc13)CCCC2,7.285921835
COc1ccc(CC(=O)OCC(=O)Nc2c3c(nc4ccccc24)CCCC3)c(OC)c1OC,7.285586408
O=S(=O)(NC[C@@H]1CCC[C@@]2(S(=O)(=O)c3ccc(C(F)(F)F)cc3)c3c(F)ccc(F)c3OC[C@@H]12)C(F)(F)F,7.26760624
COc1cc(OC)cc(C(=O)OCC(=O)Nc2c3c(nc4ccccc24)CCCC3)c1,7.252899069
CO[C@H]1CC[C@]2(CC1)Cc1ccc(OCCC(F)(F)F)cc1C21N=C(C)C(N)=N1,7.251811973
CC[C@@H]1CCC[C@H](C2(OC(=O)N3CC[C@@H](O)C3)CC2)N1S(=O)(=O)c1ccc(Cl)cc1,7.251811973
C[C@]1(c2nc(NC(=O)c3ncc(OCF)cc3Cl)ccc2F)N=C(N)OCC1(F)F,7.244125144
CC(C)(CO)N1CCN(C(=O)O[C@H]2CCC3CCCC2N3S(=O)(=O)c2ccc(Cl)cc2)CC1,7.244125144
O=S1(=O)CCC2(CCC[C@@]3(S(=O)(=O)c4ccc(Cl)cc4)c4c(F)ccc(F)c4OC[C@@H]23)CC1,7.238824187
[3H]N(c1ccc(-c2nc3ccc(OC)cc3s2)cn1)C([3H])([3H])[3H],7.236572006
CC(F)(F)c1cnc(C(=O)Nc2ccc(F)c([C@@]3(C)N=C(N)OCC3(F)F)n2)c(Cl)c1,7.236572006
[3H]N(c1ccc(-c2nc3ccc(O)cc3s2)cn1)C([3H])([3H])[3H],7.236572006
C[C@]1(c2nc(NC(=O)c3ncc(C(F)F)nc3N)ccc2F)N=C(N)OCC1(F)F,7.22184875
CN1c2ccccc2Sc2cc(/C=C3/SC(=S)N(CC(=O)OCC4COC(C)(C)O4)C3=O)ccc21,7.22184875
O=C(OCCCC1CCc2ccccc2N1S(=O)(=O)c1ccc(Cl)cc1)N1CCC(N2CCCCC2)CC1,7.22184875
COc1ccc2cc(-c3ccc(C(N)=O)nc3)oc2c1,7.22184875
C[C@]1(c2nc(NC(=O)c3ncc(C#CCO)cc3N)ccc2F)N=C(N)OCC1(F)F,7.207608311
COc1ccc(C(=O)OCC(=O)Nc2c3c(nc4ccccc24)CCCC3)c(OC)c1OC,7.1837587
Oc1ccc2nc(-c3ccc(NCCCF)nc3)sc2c1,7.180456064
C[C@]1(c2nc(NC(=O)c3ncc(C(F)F)cc3N)ccc2F)N=C(N)OCC1(F)F,7.180456064
CNc1ccc(-c2cc3ccc(OC)cc3o2)cn1,7.180456064
CC1(C)OCC2(CCC[C@@]3(S(=O)(=O)c4ccc(Cl)cc4)c4c(F)ccc(F)c4OC[C@@H]23)CO1,7.176525771
CCO[C@@H]([C@H]1C[C@@H](C)[C@H]2[C@H](O1)[C@H](O)[C@@]1(C)[C@@H]3CC[C@H]4C(C)(C)[C@@H](O[C@H]5CN(C6CN(CCOC)C6)CCO5)CC[C@@]45C[C@@]35CC[C@]21C)C(C)(C)O,7.167491087
COCCc1cnc(C(=O)Nc2ccc(F)c([C@@]3(C)N=C(N)OCC3(F)F)n2)c(N)n1,7.15490196
COc1ccc2cc(/C=C/c3ccc(N(C)C)cc3)oc2c1,7.15490196
COc1ccc(CC(=O)OCC(=O)Nc2c3c(nc4ccccc24)CCCC3)cc1,7.147032309
O=C(OCC1CCc2ccccc2N1S(=O)(=O)c1ccc(Cl)cc1)N1CCC(N2CCCCC2)CC1,7.13667714
CNc1ccc(-c2nc3cc(O)ccc3s2)cn1,7.13076828
[3H]C([3H])([3H])N(c1ncc(-c2nc3ccc(O)cc3o2)cn1)C([3H])([3H])[3H],7.124938737
O=C(COC(=O)Cc1ccc(Cl)cc1)Nc1c2c(nc3ccccc13)CCCC2,7.110978578
CO[C@H]1CC[C@@]2(CCc3ccc(Br)cc3C23N=C(C)C(N)=N3)CC1,7.107905397
C[P@]1(=O)OC[C@]2(CCC[C@@]3(S(=O)(=O)c4ccc(C(F)(F)F)cc4)c4c(F)ccc(F)c4OC[C@@H]23)CO1,7.102372909
COc1cc(C#N)cc(-c2ccc3c(c2)C2(N=C(C)C(N)=N2)[C@]2(CC3)CC[C@H](OC)CC2)c1,7.096910013
CNc1ccc(/C=C/c2cc3cc(OC)ccc3o2)cc1,7.096910013
COCC#Cc1cnc(C(=O)Nc2ccc(F)c([C@@]3(C)N=C(N)OCC3(F)F)n2)c(Cl)c1,7.091514981
CC#Cc1cncc(-c2ccc3c(c2)C2(N=C(C)C(N)=N2)[C@]2(CC3)CC[C@H](OC)CC2)c1,7.091514981
COc1ccc2nc(-c3ccc(N(C)C)nc3)sc2c1,7.091514981
CC[C@@H]1CCC[C@H](C2(OC(=O)N3CCN(C(C)(C)CO)CC3)CC2)N1S(=O)(=O)c1cc(F)cc(F)c1,7.091514981
COc1cnc(C(=O)Nc2ccc(F)c([C@@]3(C)N=C(N)OCC3(F)F)n2)c(C)c1,7.086186148
CNc1ccc(-c2nc3ccc(C(N)=O)cc3s2)cn1,7.070581074
[3H]C([3H])([3H])N(c1ccc(-c2nc3ccc(O)cc3o2)cn1)C([3H])([3H])[3H],7.070581074
CCO[C@@H]([C@H]1C[C@@H](C)[C@H]2[C@H](O1)[C@H](O)[C@@]1(C)[C@@H]3CC[C@H]4C(C)(C)[C@@H](O[C@H]5CN(CC6CN(CCOC)C6)CCO5)CC[C@@]45C[C@@]35CC[C@]21C)C(C)(C)O,7.065501549
CCO[C@@H]([C@H]1C[C@@H](C)[C@H]2[C@H](O1)[C@H](O)[C@@]1(C)[C@@H]3CC[C@H]4C(C)(C)[C@@H](O[C@H]5CN(CC6CN(CC(C)(C)O)C6)CCO5)CC[C@@]45C[C@@]35CC[C@]21C)C(C)(C)O,7.065501549
O=C(NCCCn1ccnc1)OCCCC1CCc2ccccc2N1S(=O)(=O)c1ccc(Cl)cc1,7.065501549
C[C@]1(c2nc(NC(=O)c3ncc(F)cc3N)ccc2F)N=C(N)OCC1(F)F,7.055517328
C[C@]1(c2nc(NC(=O)c3ncccc3Cl)ccc2F)N=C(N)OCC1(F)F,7.055517328
CCO[C@@H]([C@H]1C[C@@H](C)[C@H]2[C@H](O1)[C@H](O)[C@@]1(C)[C@@H]3CC[C@H]4C(C)(C)[C@@H](O[C@H]5CNCCO5)CC[C@@]45C[C@@]35CC[C@]21C)C(C)(C)O,7.040958608
CO[C@H]1CC[C@@]2(CCc3ccc(-c4cc(Cl)cc(C#N)c4)cc3C23N=C(C)C(N)=N3)CC1,7.036212173
COc1cc(/C=c2\sc3nc(-c4ccncc4)cn3c2=O)cc(OC)c1O,7.031517051
CC1=N[C@@]2(N=C1N)c1cc(Br)ccc1C[C@]21CC[C@@H](O)CC1,7.017728767
Cc1cc(C#N)cnc1C(=O)Nc1cc([C@]2(C)CO[C@@](C)(C(F)(F)F)C(N)=N2)c(F)cn1,7.008773924
Cc1cc(C#N)cnc1C(=O)Nc1ccc(F)c([C@]2(C)CO[C@@](C)(C(F)(F)F)C(N)=N2)c1,7.008773924
CNc1ncc(-c2nc3ccc(O)cc3s2)cc1F,7.008773924
O=C(/C=C/c1ccc(O)c(O)c1)O[C@H]1[C@H](O)C[C@](O)(C(=O)O)C[C@H]1OC(=O)/C=C/c1ccc(O)c(O)c1,7
CCO[C@@H]([C@H]1C[C@@H](C)[C@H]2[C@H](O1)[C@H](O)[C@@]1(C)[C@@H]3CC[C@H]4C(C)(C)[C@@H](O[C@H]5CN(C6CN(C)C6)CCO5)CC[C@@]45C[C@@]35CC[C@]21C)C(C)(C)O,7
COc1cc(/C=C/c2cc(Br)cc(/C=C/c3ccc(O)c(OC)c3)c2)ccc1O,7
COc1cc(/C=C/C(=O)CC(=O)/C=C/c2cncc(C(F)(F)F)c2)ccc1O,7
CCO[C@@H]([C@H]1C[C@@H](C)[C@H]2[C@H](O1)[C@H](O)[C@@]1(C)[C@@H]3CC[C@H]4C(C)(C)[C@@H](O[C@H]5CN(C6CNC6)CCO5)CC[C@@]45C[C@@]35CC[C@]21C)C(C)(C)O,7
CNc1ccc(-c2nc3ccc(F)nc3o2)cn1,6.991399828
CCC1(O)CCN(C(=O)O[C@H]2CCC3CCCC2N3S(=O)(=O)c2ccc(Cl)cc2)CC1,6.982966661
Cc1nc(C#N)cnc1C(=O)Nc1ccc(F)c([C@]2(C)CO[C@@](C)(C(F)(F)F)C(N)=N2)c1,6.978810701
CCO[C@@H]([C@H]1C[C@@H](C)[C@H]2[C@H](O1)[C@H](O)[C@@]1(C)[C@@H]3CC[C@H]4C(C)(C)[C@@H](O[C@H]5CN(CC6CN(C(C)C)C6)CCO5)CC[C@@]45C[C@@]35CC[C@]21C)C(C)(C)O,6.958607315
CCO[C@@H]([C@H]1C[C@@H](C)[C@H]2[C@H](O1)[C@H](O)[C@@]1(C)[C@@H]3CC[C@H]4C(C)(C)[C@@H](O[C@H]5CN(C6CN(C(C)C)C6)CCO5)CC[C@@]45C[C@@]35CC[C@]21C)C(C)(C)O,6.958607315
CCO[C@@H]([C@H]1C[C@@H](C)[C@H]2[C@H](O1)[C@H](O)[C@@]1(C)[C@@H]3CC[C@H]4C(C)(C)[C@@H](O[C@H]5CN(CCN6CCC6)CCO5)CC[C@@]45C[C@@]35CC[C@]21C)C(C)(C)O,6.958607315
CC1=NC2(N=C1N)c1cc(-c3cc(F)cc(F)c3)ccc1CCC21CC1,6.928117993
O=C(OC[C@H]1CC[C@@H](c2ccccc2)N1S(=O)(=O)c1ccc(Cl)cc1)N1CCN(C2CCCCC2)CC1,6.920818754
CCO[C@@H]([C@H]1C[C@@H](C)[C@H]2[C@H](O1)[C@H](O)[C@@]1(C)[C@@H]3CC[C@H]4C(C)(C)[C@@H](O[C@H]5CN(CC6CN(CCO)C6)CCO5)CC[C@@]45C[C@@]35CC[C@]21C)C(C)(C)O,6.920818754
CCO[C@@H]([C@H]1C[C@@H](C)[C@H]2[C@H](O1)[C@H](O)[C@@]1(C)[C@@H]3CC[C@H]4C(C)(C)[C@@H](O[C@H]5CN(C6CN(CC(C)(C)O)C6)CCO5)CC[C@@]45C[C@@]35CC[C@]21C)C(C)(C)O,6.920818754
CCO[C@@H]([C@H]1C[C@@H](C)[C@H]2[C@H](O1)[C@H](O)[C@@]1(C)[C@@H]3CC[C@H]4C(C)(C)[C@@H](O[C@H]5CN(C6CN(C7CCC7)C6)CCO5)CC[C@@]45C[C@@]35CC[C@]21C)C(C)(C)O,6.920818754
COc1cc(/C=c2\sc3nc(-c4cccc(C(F)(F)F)c4)cn3c2=O)cc(Cl)c1O,6.910094889
CNc1ccc(-c2nc3ccc(O)cc3s2)c(F)n1,6.906578315
CCO[C@@H]([C@H]1C[C@@H](C)[C@H]2[C@H](O1)[C@H](O)[C@@]1(C)[C@@H]3CC[C@H]4C(C)(C)[C@@H](O[C@H]5CN(C6CN(C7COC7)C6)CCO5)CC[C@@]45C[C@@]35CC[C@]21C)C(C)(C)O,6.886056648
Cc1ccc2oc(/C=C/c3ccc(N(C)C)cc3)cc2c1,6.886056648
COc1cc(/C=C/C(=O)CC(=O)/C=C/c2ccc(O)c(C(F)(F)F)c2)ccc1O,6.886056648
CN(C)c1ccc(-c2nc3cc(O)ccc3o2)cn1,6.863279433
COc1cc(/C=C/c2cc(/C=C/c3ccc(O)c(OC)c3)on2)ccc1O,6.860120914
O=C(NC1CCN(Cc2ccccc2)CC1)OC[C@H]1CC[C@@H](c2ccccc2)N1S(=O)(=O)c1ccc(Cl)cc1,6.853871964
CCO[C@@H]([C@H]1C[C@@H](C)[C@H]2[C@H](O1)[C@H](O)[C@@]1(C)[C@@H]3CC[C@H]4C(C)(C)[C@@H](O[C@H]5CN(CC6CN(C)C6)CCO5)CC[C@@]45C[C@@]35CC[C@]21C)C(C)(C)O,6.853871964
COC(=O)COc1ccc(/C=C/C(=O)CC(=O)/C=C/c2ccc(O)c(OC)c2)cc1OC,6.853871964
C[C@]1(c2nc(NC(=O)c3ncc(C(F)(F)F)nc3N)ccc2F)N=C(N)OCC1(F)F,6.853871964
CCOC(=O)C(C(=O)/C=C/c1ccc(O)c(OC(F)(F)F)c1)C(=O)/C=C/c1ccc(O)c(OC(F)(F)F)c1,6.853871964
Oc1ccc2nc(-c3ccc(NCCF)nc3)oc2c1,6.801342913
CN(C)c1ccc(/C=C/c2cc3cc(O)ccc3o2)cc1,6.795880017
COc1ccc2oc(/C=C/c3ccc(N(C)C)c(OC)c3)cc2c1,6.795880017
CN(C)c1ccc(/C=C/c2cc3cc(I)ccc3o2)cc1,6.769551079
CCO[C@@H]([C@H]1C[C@@H](C)[C@H]2[C@H](O1)[C@H](O)[C@@]1(C)[C@@H]3CC[C@H]4C(C)(C)[C@@H](O[C@H]5CN(C(=O)C(C)C)CCO5)CC[C@@]45C[C@@]35CC[C@]21C)C(C)(C)O,6.769551079
CCO[C@@H]([C@H]1C[C@@H](C)[C@H]2[C@H](O1)[C@H](O)[C@@]1(C)[C@@H]3CC[C@H]4C(C)(C)[C@@H](O[C@H]5CN(CC6CN(C7COC7)C6)CCO5)CC[C@@]45C[C@@]35CC[C@]21C)C(C)(C)O,6.769551079
COC1CCC2(CC1)Cc1cc(F)c(Br)cc1C21N=C(C)C(N)=N1,6.754487332
CC1=C(/C=C/C(C)=C/C=C/C(C)=C/C=O)C(C)(C)CCC1,6.744727495
C[C@]1(c2nc(NC(=O)c3nccnc3N)ccc2F)N=C(N)OCC1(F)F,6.744727495
O=C(OC[C@H]1CC[C@@H](c2ccccc2)N1S(=O)(=O)c1ccc(Cl)cc1)N1CCC(N2CCCCC2)CC1,6.744727495
O=C(OCCCC1CCc2ccccc2N1S(=O)(=O)c1ccc(Cl)cc1)N1CCN(C2CCCCC2)CC1,6.744727495
CC1=C(/C=C/C(C)=C/C=C/C(C)=C/C(=O)O)C(C)(C)CCC1,6.744727495
CC1=C(/C=C/C(C)=C/C=C/C(C)=C/C=C/C=C(C)/C=C/C=C(C)/C=C/C2=C(C)CCCC2(C)C)CCCC1,6.744727495
CC1=C(/C=C/C(C)=C/C=C/C(C)=C/CO)C(C)(C)CCC1,6.744727495
[3H]N(c1ccc(-c2nc3ccc(O)cc3o2)cn1)C([3H])([3H])[3H],6.739928612
CNc1ccc(-c2nc3ccc(OC)cc3o2)cn1,6.732828272
O=C(NC1CCN(Cc2ccccc2)CC1)OCCCC1CCc2ccccc2N1S(=O)(=O)c1ccc(Cl)cc1,6.721246399
CN(C)c1ccc(/C=C/c2cc3cc(Cl)ccc3o2)cc1,6.698970004
[3H]C([3H])([3H])N(c1ccc(-c2nc3ccc(OC)cc3o2)cn1)C([3H])([3H])[3H],6.690369833
O=C(/C=C/c1ccc(O)c(OC(F)(F)F)c1)CC(=O)/C=C/c1ccc(O)c(OC(F)(F)F)c1,6.677780705
CCO[C@@H]([C@H]1C[C@@H](C)[C@H]2[C@H](O1)[C@H](O)[C@@]1(C)[C@@H]3CC[C@H]4C(C)(C)[C@@H](O[C@H]5CN(CC)CCO5)CC[C@@]45C[C@@]35CC[C@]21C)C(C)(C)O,6.677780705
CCO[C@@H]([C@H]1C[C@@H](C)[C@H]2[C@H](O1)[C@H](O)[C@@]1(C)[C@@H]3CC[C@H]4C(C)(C)[C@@H](O[C@H]5CN(CC6CN(C7CCC7)C6)CCO5)CC[C@@]45C[C@@]35CC[C@]21C)C(C)(C)O,6.677780705
CC1=N[C@@]2(N=C1N)c1cc(-c3cc(Cl)cc(C#N)c3)ccc1C[C@]21CC[C@@H](O)CC1,6.665546249
CN1CCCC1CCNC(=O)OCCCC1CCc2ccccc2N1S(=O)(=O)c1ccc(Cl)cc1,6.657577319
O=C1OCC[C@]12CCC[C@@]1(S(=O)(=O)c3ccc(Cl)cc3)c3c(F)ccc(F)c3OC[C@@H]21,6.642065153
CCO[C@@H]([C@H]1C[C@@H](C)[C@H]2[C@H](O1)[C@H](O)[C@@]1(C)[C@@H]3CC[C@H]4C(C)(C)[C@@H](O[C@H]5CN(C)CCO5)CC[C@@]45C[C@@]35CC[C@]21C)C(C)(C)O,6.602059991
C[C@]1(c2nc(NC(=O)c3ncc(OCC(F)F)cc3Cl)ccc2F)N=C(N)OCC1(F)F,6.602059991
CCO[C@@H]([C@H]1C[C@@H](C)[C@H]2[C@H](O1)[C@H](O)[C@@]1(C)[C@@H]3CC[C@H]4C(C)(C)[C@@H](O[C@H]5CN(CC(=O)N6CCC6)CCO5)CC[C@@]45C[C@@]35CC[C@]21C)C(C)(C)O,6.602059991
C[C@@]1(c2nc(NC(=O)c3ncc(OCCF)nc3N)ccc2F)CO[C@@](C)(C(F)(F)F)C(N)=N1,6.580044252
CNc1ncc(-c2nc3ccc(O)cc3s2)cn1,6.573488739
CCO[C@@H]([C@H]1C[C@@H](C)[C@H]2[C@H](O1)[C@H](O)[C@@]1(C)[C@@H]3CC[C@H]4C(C)(C)[C@@H](O[C@H]5CN(CCOC)CCO5)CC[C@@]45C[C@@]35CC[C@]21C)C(C)(C)O,6.568636236
CCO[C@@H]([C@H]1C[C@@H](C)[C@H]2[C@H](O1)[C@H](O)[C@@]1(C)[C@@H]3CC[C@H]4C(C)(C)[C@@H](O[C@H]5CN(C6COC6)CCO5)CC[C@@]45C[C@@]35CC[C@]21C)C(C)(C)O,6.568636236
Oc1nc(NCc2ccccc2)c2ccccc2n1,6.568636236
O=C(NCCCn1ccnc1)OCCC1CCc2ccccc2N1S(=O)(=O)c1ccc(Cl)cc1,6.552841969
C[C@@]1(c2nc(NC(=O)c3ncc(OCC(F)(F)F)nc3N)ccc2F)CO[C@@](C)(C(F)(F)F)C(N)=N1,6.54668166
O=C(/C=C/c1ccc(O)c(O)c1)O[C@@H]1C[C@](O)(C(=O)O)C[C@@H](OC(=O)/C=C/c2ccc(O)c(O)c2)[C@H]1OC(=O)/C=C/c1ccc(O)c(O)c1,6.522878745
COc1ccc(/C=C/c2cccc(/C=C/c3ccc(OC)c(N)c3)c2)cc1N,6.522878745
N#CCCC(C(=O)/C=C/c1ccc(O)c(OC(F)(F)F)c1)C(=O)/C=C/c1ccc(O)c(OC(F)(F)F)c1,6.522878745
C[C@]1(c2nc(NC(=O)c3ncc(OCCCF)nc3N)ccc2F)N=C(N)OCC1(F)F,6.508638306
COC(=O)CCCC(C(=O)/C=C/c1ccc(O)c(OC(F)(F)F)c1)C(=O)/C=C/c1ccc(O)c(OC(F)(F)F)c1,6.508638306
CC(F)(F)c1cnc(C(=O)Nc2ccc(F)c([C@@]3(C)N=C(N)OCC3(F)F)n2)c(N)n1,6.508638306
COc1cc(/C=C/C(=O)CC(=O)/C=C/c2ccc(OCC(=O)O)c(OC)c2)ccc1O,6.508638306
CC(C(=O)/C=C/c1ccc(O)c(OC(F)(F)F)c1)C(=O)/C=C/c1ccc(O)c(OC(F)(F)F)c1,6.494850022
COC(=O)CCC(C(=O)/C=C/c1ccc(O)c(C(F)(F)F)c1)C(=O)/C=C/c1ccc(O)c(C(F)(F)F)c1,6.443697499
O=C(OCCC1CCc2ccccc2N1S(=O)(=O)c1ccc(Cl)cc1)N1CCC(N2CCCCC2)CC1,6.443697499
CCOC(=O)CCC(C(=O)/C=C/c1ccc(O)c(OC(F)(F)F)c1)C(=O)/C=C/c1ccc(O)c(OC(F)(F)F)c1,6.420216403
COCC[C@]1(c2nc(NC(=O)c3ncc(C(F)(F)F)cc3Cl)ccc2F)N=C(N)OCC1(F)F,6.420216403
Oc1ccc2nc(-c3ccc(NCCCF)nc3)oc2c1,6.403402904
C[P@]1(=O)OC[C@@]2(CCC[C@@]3(S(=O)(=O)c4ccc(C(F)(F)F)cc4)c4c(F)ccc(F)c4OC[C@@H]23)CO1,6.401209493
CCO[C@@H]([C@H]1C[C@@H](C)[C@H]2[C@H](O1)[C@H](O)[C@@]1(C)[C@@H]3CC[C@H]4C(C)(C)[C@@H](O[C@H]5CN(C6(C)COC6)CCO5)CC[C@@]45C[C@@]35CC[C@]21C)C(C)(C)O,6.397940009
COc1cc(/C=C/C(=O)CC(=O)/C=C/c2ccc3cc[nH]c3c2)ccc1O,6.37675071
C[P@]1(=O)OC[C@@]2(CCC[C@@]3(S(=O)(=O)c4ccc(Cl)cc4)c4c(F)ccc(F)c4OC[C@@H]23)CO1,6.375717904
COC(=O)CCC(C(=O)/C=C/c1ccc(O)c(OC(F)(F)F)c1)C(=O)/C=C/c1ccc(O)c(OC(F)(F)F)c1,6.356547324
C[C@]1(c2nc(NC(=O)c3ncc(OCC(F)F)nc3N)ccc2F)N=C(N)OCC1(F)F,6.356547324
CN1CCN(C(=O)OC[C@H]2CC[C@@H](c3ccccc3)N2S(=O)(=O)c2ccc(Cl)cc2)CC1,6.346787486
CCOc1cnc(C(=O)Nc2ccc(F)c([C@@]3(C)N=C(N)OCC3(F)F)n2)c(Cl)c1,6.346787486
CN(C)c1ccc(/C=C/c2cc3cc(Br)ccc3o2)cc1,6.327902142
COc1cc(OCc2ccccn2)ccc1/C=C/C(=O)CC(=O)/C=C/c1ccc2cc[nH]c2c1,6.327902142
COc1cc(/C=C/c2cc(/C=C/c3ccc(O)c(OC)c3)[nH]n2)ccc1O,6.322393047
C[C@]1(c2nc(NC(=O)c3ncc(OCCF)nc3N)ccc2F)N=C(N)OCC1(F)F,6.318758763
COCOCCCC(C(=O)/C=C/c1ccc(O)c(OC(F)(F)F)c1)C(=O)/C=C/c1ccc(O)c(OC(F)(F)F)c1,6.301029996
CN(C)C(=O)CCC(C(=O)/C=C/c1ccc(O)c(OC(F)(F)F)c1)C(=O)/C=C/c1ccc(O)c(OC(F)(F)F)c1,6.301029996
CN(C)c1ccc2nc3ccc(=[N+](C)C)cc-3sc2c1.[Cl-],6.301029996
CNc1ccc(/C=C/c2cccc(/C=C/c3ccc(NC)c(OC)c3)n2)cc1OC,6.301029996
CNc1cc(/C=C/c2cccc(/C=C/c3ccc(O)c(NC)c3)n2)ccc1O,6.301029996
COc1cc(O)ccc1/C=C/C(=O)CC(=O)/C=C/c1ccc2cc[nH]c2c1,6.283996656
COC(=O)CC(C(=O)/C=C/c1ccc(O)c(OC(F)(F)F)c1)C(=O)/C=C/c1ccc(O)c(OC(F)(F)F)c1,6.283996656
COc1ccc2cc(/C=C/c3ccc(N(C)C)c(OC)c3)oc2c1,6.27572413
CN1CCCC1CCNC(=O)OCCC1CCc2ccccc2N1S(=O)(=O)c1ccc(Cl)cc1,6.27572413
O=C(OC[C@H]1CC[C@@H](c2ccccc2)N1S(=O)(=O)c1ccc(Cl)cc1)N1CCN(CCO)CC1,6.26760624
COCC#Cc1cnc(C(=O)Nc2ccc(F)c([C@@]3(C)N=C(N)OCC3(F)F)n2)c(N)c1,6.26760624
COc1ccc(-c2cc3c(s2)c2sc(-c4ccc(/C=C(\C#N)C(N)=O)s4)cc2n3C(C)(C)C)cc1,6.259637311
CN(C)c1ccc2nc3ccc(=[N+](C)C)cc-3sc2c1,6.259637311
COC(=O)CCC(C(=O)/C=C/c1ccc([O-])c(OC(F)(F)F)c1)C(=O)/C=C/c1ccc([O-])c(OC(F)(F)F)c1.[Na+].[Na+],6.251811973
COc1cc(/C=C/C(=O)CC(=O)/C=C/c2ccc3ccccc3c2)ccc1O,6.229147988
COc1cc(/C=C/c2cccc(/C=C/c3ccc(N)c(OC)c3)c2)ccc1N,6.22184875
C[C@]1(c2nc(NC(=O)c3ncc(OCC(F)(F)F)nc3N)ccc2F)N=C(N)OCC1(F)F,6.22184875
COc1ccc(/C=C/c2cccc(/C=C/c3ccc(OC)c(N)c3)n2)cc1N,6.22184875
CN(C)c1ccc2cc3ccc(N(C)C)cc3nc2c1,6.22184875
CNc1ccc(/C=C/c2cccc(/C=C/c3ccc(NC)c(OC)c3)c2)cc1OC,6.22184875
CN1CCCC1CCNC(=O)OC[C@H]1CC[C@@H](c2ccccc2)N1S(=O)(=O)c1ccc(Cl)cc1,6.22184875
COc1ccc(/C=C/C(=O)CC(=O)/C=C/c2ccc3cc[nH]c3c2)c(OC)c1,6.214670165
Nc1nc(NCc2ccc(Cl)cc2)c2ccccc2n1,6.207608311
COC(=O)CCC(C(=O)/C=C/c1ccc(O)c(OC(F)(F)F)c1)C(=O)/C=C/c1ccco1,6.187086643
O=C(NCCCn1ccnc1)OC[C@H]1CC[C@@H](c2ccccc2)N1S(=O)(=O)c1ccc(Cl)cc1,6.187086643
CC(C)(C)OC(=O)CCC(C(=O)/C=C/c1ccc(O)c(OC(F)(F)F)c1)C(=O)/C=C/c1ccc(O)c(OC(F)(F)F)c1,6.187086643
COc1cc(/C=C/c2nc3cc(Cl)ccc3c(=O)[nH]2)ccc1-n1cnc(C)c1,6.180456064
CO[C@H]1CC[C@]2(CC1)Cc1ccc(C#CC(C)C)cc1C21N=C(C)C(N)=N1,6.168770306
O=C(OCCCC1CCc2ccccc2N1S(=O)(=O)c1ccc(Cl)cc1)N1CCN(CCO)CC1,6.167491087
COc1cc(/C=C/c2cccc(/C=C/c3ccc(N)c(OC)c3)n2)ccc1N,6.15490196
O=S(=O)(Nc1ccc(N2CCCCC2)cc1)c1cc(Cl)sc1Cl,6.15490196
CN(C)c1ccc(/C=C/c2cccc(/C=C/c3ccc(N(C)C)c(O)c3)c2)cc1O,6.15490196
O=C(/C=C/c1ccc(O)c(OC(F)(F)F)c1)C(CCOCCO)C(=O)/C=C/c1ccc(O)c(OC(F)(F)F)c1,6.15490196
COc1cc(/C=C/C(=O)CC(=O)/C=C/c2ccco2)ccc1O,6.119186408
O=[N+]([O-])c1ccc2nc3c(c(Nc4[nH]nc5ncccc45)c2c1)CCCC3,6.109578981
CN1CCN(C(=O)OCCCC2CCc3ccccc3N2S(=O)(=O)c2ccc(Cl)cc2)CC1,6.107905397
c1ccc(CCNc2nc(NC3CC3)nc3ccccc23)cc1,6.102372909
COc1cc(/C=C/C(=O)/C=C(O)/C=C/c2ccc(O)c(OC)c2)ccc1O,6.096910013
COc1cc(/C=C/c2cccc(/C=C/c3ccc(N(C)C)c(OC)c3)n2)ccc1N(C)C,6.096910013
COc1cc(/C=C/c2cccc(/C=C/c3ccc(O)c(OC)c3)n2)ccc1O,6.096910013
O=C(Cc1ccc(C(F)(F)F)cc1)Nc1ccc2c(c1)C[C@H]1CC[C@@H](C2)[C@H]1NS(=O)(=O)c1ccc(Cl)s1,6.096910013
COc1nc(/C=C/c2ccc(N(C)C)c(O)c2)cc(/C=C/c2ccc(N(C)C)c(O)c2)n1,6.096910013
CNc1ccc(/C=C/c2cc3ccc(OC)cc3o2)cc1,6.096910013
CCCOc1ccc2c(c1)N(CC)/C(=C/C=C/c1sc3ccccc3[n+]1CC)S2.[I-],6.096910013
COc1ccc2oc(/C=C/c3ccc(N(C)C)cc3)cc2c1,6.091514981
COc1ccc2oc(/C=C/c3ccc(N)cc3)cc2c1,6.086186148
CCOc1cnc(C(=O)Nc2ccc(F)c([C@@]3(C)N=C(N)OCC3(F)F)n2)c(N)n1,6.075720714
CCN(CCCCOc1ccc(C(=O)/C=C/c2ccc(N(C)C)cc2)c(O)c1)Cc1ccccc1N(C)C,6.055517328
O=C(OCCC1CCc2ccccc2N1S(=O)(=O)c1ccc(Cl)cc1)N1CCN(CCO)CC1,6.055517328
CNc1ccc(/C=C/c2cccc(/C=C/c3ccc(NC)c(O)c3)n2)cc1O,6.045757491
COc1ccc(/C=C/c2cccc(/C=C/c3ccc(OC)c(N(C)C)c3)n2)cc1N(C)C,6.045757491
CN(C)c1ccc(/C=C/c2cccc(/C=C/c3ccc(N(C)C)c(O)c3)n2)cc1O,6.045757491
O=C(Nc1ccccc1)Nc1ccc(Cl)cc1[N+](=O)[O-],6.045757491
O=C(NC1CCN(Cc2ccccc2)CC1)OCCC1CCc2ccccc2N1S(=O)(=O)c1ccc(Cl)cc1,6.045757491
COc1cc(/C=C/C(=O)CC(=O)/C=C/c2ccc(O)cc2OC)ccc1O,6.036212173
COc1ccc(/C=C/C(=O)CC(=O)/C=C/c2ccc(O)c(OC)c2)c(O)c1,6.031517051
CO[C@H]1CC[C@]2(CC1)Cc1cc(F)c(-c3cc(Cl)cc(C#N)c3)cc1[C@]21N=C(C)C(N)=N1,6.006123085
O=C(Nc1ccc2c(c1)C[C@H]1CC[C@@H](C2)[C@H]1NS(=O)(=O)c1ccc(Cl)s1)c1ccc(C(F)(F)F)cc1,6
O=C(OCCC1CCc2ccccc2N1S(=O)(=O)c1ccc(Cl)cc1)N1CCN(C2CCCCC2)CC1,6
NC(=O)Nc1nc(NCCc2ccccc2)c2ccccc2n1,6
Oc1ccc(-c2ccc(O)c(O)c2)cc1O,6
COc1cc(/C=C/c2cccc(/C=C/c3ccc(N(C)C)c(OC)c3)c2)ccc1N(C)C,6
CCN(CCCCCCOc1ccc(C(=O)/C=C/c2ccc(N(C)C)cc2)c(O)c1)Cc1ccccc1N(C)C,5.987162775
CNc1cc(/C=C/c2cccc(/C=C/c3ccc(OC)c(NC)c3)n2)ccc1OC,5.958607315
O=C(NO)c1ccc(Nc2c3ccccc3nc3ccc(Br)cc23)cc1,5.958607315
O=S(=O)(c1ccccc1)n1ccc2c(OCCNCCNc3c4c(nc5ccccc35)CCCC4)cccc21,5.958607315
COc1cc(O)cc(/C=C/C(=O)CC(=O)/C=C/c2ccc(O)c(OC)c2)c1,5.958607315
CSc1nc(/C=C/c2ccc(N(C)C)c(O)c2)cc(/C=C/c2ccc(N(C)C)c(O)c2)n1,5.958607315
COc1ccc(CNc2nc(N)nc3ccccc23)cc1,5.958607315
COc1cc(/C=C/c2cc(Br)cc(/C=C/c3ccc(N)c(OC)c3)n2)ccc1N,5.958607315
COc1cc(/C=C/c2cc(Br)cc(/C=C/c3ccc(O)c(OC)c3)n2)ccc1O,5.958607315
COc1cc(/C=C/c2cc(Cl)cc(/C=C/c3ccc(O)c(OC)c3)n2)ccc1O,5.958607315
COc1ccc(/C=C/c2cccc(/C=C/c3ccc(OC)c(N(C)C)c3)c2)cc1N(C)C,5.958607315
C[C@]1(C(F)(F)F)OC[C@@](C)(c2cccc(NC(=O)c3ccc(Br)cn3)c2)N=C1N,5.935542011
C[C@]12CCC(=O)c3coc(c31)C(=O)C1=C2[C@@H](O)C[C@]2(C)C(=O)CC[C@@H]12,5.920818754
Cc1nc2sc3c(c2c(=O)o1)CCCC3,5.920818754
COc1cc(OCc2ccccn2)ccc1/C=C/c1cc(/C=C/c2ccc3cc[nH]c3c2)[nH]n1,5.920818754
COc1ccc2[nH]c(C(=O)Nc3ccc4nc5n(c(=O)c4c3)CCC5)cc2c1,5.91721463
COc1cc2nc3c(c(N4CCOCC4)c2cc1OC)CCCC3,5.911155437
CCN(CCCOc1ccc(C(=O)/C=C/c2ccc(N(C)C)cc2)c(O)c1)Cc1ccccc1N(C)C,5.896196279
Oc1ccc(-c2cc(-c3c(O)cccc3O)[nH]n2)cc1O,5.886056648
O=C(O)CCC(C(=O)/C=C/c1ccc(O)c(OC(F)(F)F)c1)C(=O)/C=C/c1ccc(O)c(OC(F)(F)F)c1,5.886056648
CNc1cc(/C=C/c2cccc(/C=C/c3ccc(OC)c(NC)c3)c2)ccc1OC,5.886056648
Nc1c(/N=N/c2ccc(-c3ccc(/N=N/c4cc(S(=O)(=O)[O-])c5ccccc5c4N)cc3)cc2)cc(S(=O)(=O)[O-])c2ccccc12.[Na+].[Na+],5.886056648
COc1cc(/C=C/C(=O)CC(=O)/C=C/c2cc(O)ccc2OC)ccc1O,5.886056648
CC(=O)Nc1ccc2nc3c(c(N4CCCCC4)c2c1)CCCC3,5.885055584
CCN(CCCOc1ccc(C(=O)/C=C/c2ccc(N(C)C)cc2)c(O)c1)Cc1ccc(N(C)C)cc1,5.879426069
CN(C)c1ccc(/C=C/c2cc3ccc(Br)cc3o2)cc1,5.872895202
CCN(C)C(=O)Oc1cccc(CNCCNCCOc2cccc3c2ccn3S(=O)(=O)c2ccccc2)c1,5.860120914
CCN(CCCCCCOc1ccc(C(=O)/C=C/c2ccc(N(C)C)cc2)c(O)c1)Cc1ccc(N(C)C)cc1,5.860120914
COc1cc(/C=C/c2cc(C)cc(/C=C/c3ccc(O)c(OC)c3)n2)ccc1O,5.853871964
CCNc1nc(NCCc2ccccc2)c2ccccc2n1,5.853871964
CCN(CCCCOc1ccc(C(=O)/C=C/c2ccc(N(C)C)cc2)c(O)c1)Cc1ccccc1OC,5.829738285
CCN(CCCCCCOc1ccc(C(=O)/C=C/c2ccc(N(C)C)cc2)c(O)c1)Cc1ccccc1OC,5.826813732
CCN(CC)Cc1cc(NC(=O)CN2CCCCC2)cc(Nc2ccnc3cc(Cl)ccc23)c1,5.823908741
N#C/C(=C\c1ccc(-c2ccc(-c3ccc(N(c4ccccc4)c4ccccc4)cc3)s2)s1)C(N)=O,5.823908741
O=C(Nc1ccc2nc3n(c(=O)c2c1)CCC3)c1cc2cc(F)ccc2[nH]1,5.806875402
COc1cc(/C=C/C(=O)CC(=O)/C=C/c2c(O)cccc2OC)ccc1O,5.795880017
COc1ccc(/C=C/c2cc(O)cc(/C=C/c3ccc(OC)c(O)c3)c2)cc1O,5.795880017
O=C(/C=C/c1ccc(O)c(O)c1)N[C@H](Cc1ccc(O)c(O)c1)C(=O)O,5.795880017
CCN1/C(=C/C=C/c2sc3ccccc3[n+]2CC)Sc2ccc(Oc3no[n+]([O-])c3-c3ccccc3)cc21.[I-],5.795880017
Oc1ccc(/C=C/c2cc(O)cc(/C=C/c3ccc(O)cc3)c2)cc1,5.795880017
O=C(Cc1cc2ccccc2[nH]1)Nc1ccc2nc3n(c(=O)c2c1)CCC3,5.790484985
CCN(CCCOc1ccc(C(=O)/C=C/c2ccc(N(C)C)cc2)c(O)c1)Cc1ccccc1,5.774690718
O=C(Nc1ccc2nc3n(c(=O)c2c1)CCC3)c1cc2cc(Cl)ccc2[nH]1,5.772113295
Nc1nc(NCc2ccc(Br)cc2)nc2ccccc12,5.769551079
CCCNc1nc(NCc2ccc(OC)c(OC)c2)c2ccccc2n1,5.769551079
COc1cc(/C=C/c2ccc(O)c(OC)c2)nc(/C=C/c2ccc(O)c(OC)c2)c1,5.769551079
CN(C)CCN(C)Cc1cc(NC(=O)CN2CCCCC2)cc(Nc2ccnc3cc(Cl)ccc23)c1,5.769551079
COc1ccc(O)c(/C=C/C(=O)CC(=O)/C=C/c2ccc(O)c(OC)c2)c1,5.744727495
COc1cc(/C=C/C(=O)N2CC(C(=O)NCCOc3ccccc3)C2)ccc1OCc1ccccc1,5.744727495
COc1cc(/C=C/c2cc(Br)cc(/C=C/c3ccc(N)c(OC)c3)c2)ccc1N,5.744727495
CC12CC[C@@H](C1)C(C)(C)[C@@H]2NS(=O)(=O)c1ccc(F)cc1,5.744727495
Nc1nc(NCc2cccc(Cl)c2)c2ccccc2n1,5.721246399
COc1cc(/C=C/c2cc(N(C)C)cc(/C=C/c3ccc(O)c(OC)c3)n2)ccc1O,5.721246399
CC(=O)Nc1nc(NCc2ccccc2)c2ccccc2n1,5.721246399
Nc1nc(NCc2ccc(C(F)(F)F)cc2)c2ccccc2n1,5.721246399
COc1cc(/C=C/C(=O)CC(=O)/C=C/c2cccc(O)c2OC)ccc1O,5.721246399
CN1CCN(C(=O)OCCC2CCc3ccccc3N2S(=O)(=O)c2ccc(Cl)cc2)CC1,5.721246399
O=C(Cc1ccccc1)NC(CSSCC(NC(=O)Cc1ccccc1)C(=O)O)C(=O)O,5.709965389
O=C(CCN1CCN(c2ccccc2)CC1)Nc1n[nH]c2ncccc12,5.703554206
CN(C)c1ccc(/C=C/c2cc3cc(F)ccc3o2)cc1,5.70333481
CN(C)CCNCc1cc(NC(=O)CN2CCCCC2)cc(Nc2ccnc3cc(Cl)ccc23)c1,5.698970004
CCN(CC)CCCCC(C)Nc1c2ccccc2nc2c(C(=O)NCCCO/N=C/C(=O)NCCCC[C@@H]3NC(=O)CNC(=O)[C@@H]4CCCN4C(=O)[C@H](CCCCN)NC(=O)[C@@H]4CCCN4C(=O)[C@H](CCCCN)NC(=O)CNC(=O)[C@@H]4CCCN4C(=O)[C@H](CCCCN)NC(=O)[C@@H]4CCCN4C3=O)cccc12,5.698970004
CNc1nc(NCCc2ccccc2)c2ccccc2n1,5.698970004
O=C(CCCCN1CCC2c3ccccc3NC2C1)Oc1ccc(/C=C2\CCn3c2nc2ccccc2c3=O)cc1,5.688246139
CCn1cc(O)c(=O)cc1/C=C/c1ccc(OCCCN2CCCC2)cc1,5.684029655
COc1ccc(/C=C/C(=O)CC(=O)/C=C/c2ccc(O)c(OC)c2)cc1O,5.677780705
COc1ccc(/C=C/c2cc(/C=C/c3ccc(OC)c(O)c3)ncn2)cc1O,5.677780705
CCN(CCCCOc1ccc(C(=O)/C=C/c2ccc(N(C)C)cc2)c(O)c1)Cc1ccc(N(C)C)cc1,5.677780705
O=C(CCN1CCOCC1)Nc1n[nH]c2ncccc12,5.67243674
O=C(Nc1ccc2nc3n(c(=O)c2c1)CCC3)c1cc2ccccc2[nH]1,5.665546249
CNc1ccc(/C=C/c2cc3cc(O)ccc3o2)cc1.Cl,5.665546249
CN(C)c1ccc(/C=C/c2cc3ccc(F)cc3o2)cc1,5.659555885
O=C(/C=C/c1ccc(O)c(O)c1)O[C@H]1[C@H](O)C[C@](OC(=O)/C=C/c2ccc(O)c(O)c2)(C(=O)O)C[C@H]1OC(=O)/C=C/c1ccc(O)c(O)c1,5.657577319
COc1cc(/C=C/C(=O)CC(=O)/C=C/c2ccccc2)ccc1O,5.657577319
COc1ccc(C(=O)/C=C/c2ccc(C(=O)N3CCN(C)CC3)cc2)c(O)c1,5.657577319
O=c1cc(/C=C/c2ccc(OCCCN3CCCC3)cc2)occ1O,5.649751982
O=C(Nc1ccc2nc3n(c(=O)c2c1)CCC3)c1cc2ccccc2s1,5.638272164
Nc1c(S(=O)(=O)c2ccc(Cl)cc2)cnc2cc(-c3ccccc3)nn12,5.638272164
COc1ccc(CNc2nc(NC3CCN(Cc4ccccc4)CC3)nc3ccccc23)cc1OC,5.638272164
CN(C)c1ccc(/C=C/c2cc3ccccc3o2)cc1,5.638272164
CN1CCN(c2cc(Nc3ccnc4cc(Cl)ccc34)cc(N3CCN(C)CC3)c2)CC1,5.638272164
CN(C)c1cc(/C=C/c2cccc(/C=C/c3ccc(O)c(N(C)C)c3)n2)ccc1O,5.638272164
COc1ccccc1CN(C)CCCCCCNC(=O)c1cc(O)c(C(=O)NCCCCCCN(C)Cc2ccccc2OC)cc1O,5.63638802
CN(CCCCCCNC(=O)c1cc(O)c(C(=O)NCCCCCCN(C)Cc2ccccc2)cc1O)Cc1ccccc1,5.625251654
CCN(CCCNC(=O)c1cc(O)c(C(=O)NCCCN(CC)Cc2ccccc2OC)cc1O)Cc1ccccc1OC,5.617982957
O=C(O[C@@H]1CCC2CCCC1N2S(=O)(=O)c1ccc(Cl)cc1)N1CCC(N2CCCCC2)CC1,5.615288257
COc1cc(OCC2CCCO2)ccc1/C=C/C(=O)CC(=O)/C=C/c1ccc2cc[nH]c2c1,5.602059991
Clc1ccc2c(Nc3cc(CN4CCOCC4)cc(NCCN4CCCCC4)c3)ccnc2c1,5.602059991
Cn1cc(O)c(=O)cc1/C=C/c1ccc(OCCCN2CCCCC2)cc1,5.590066877
[N-]=[N+]=Nc1nc(NCc2ccccc2)c2ccccc2n1,5.585026652
CC12CC[C@@H](C1)C(C)(C)[C@@H]2NS(=O)(=O)c1cccs1,5.568636236
Nc1nc(NCc2cccc(Br)c2)nc2ccccc12,5.568636236
Oc1ccc(-c2ccccc2-c2ccc(O)c(O)c2)cc1O,5.568636236
COc1ccc(CCNc2nc(N)nc3ccccc23)cc1OC,5.568636236
CN(C)c1cc(/C=C/c2cccc(/C=C/c3ccc(O)c(N(C)C)c3)c2)ccc1O,5.568636236
O=C1/C(=C/c2ccc(O)c(O)c2)Oc2c1ccc(O)c2O,5.568636236
CNc1ccc(C(=O)NC(CCCCCNC(=O)OCc2ccccc2)C(=O)O)cc1,5.560667306
CCN(CCCCCCNC(=O)c1cc(O)c(C(=O)NCCCCCCN(CC)Cc2ccccc2)cc1O)Cc1ccccc1,5.552841969
Nc1nc(NCc2cccc(F)c2)c2ccccc2n1,5.552841969
CN(C)c1ccc(/C=C/c2cc3ccc(I)cc3o2)cc1,5.552841969
C#CCN(C)CCCn1ccc(=O)c(O)c1C,5.54515514
C[C@]1(c2nc(NC(=O)c3ncc(OCCCl)nc3N)ccc2F)N=C(N)OCC1(F)F,5.537602002
CCNc1nc(NCCc2ccc(OC)c(OC)c2)c2ccccc2n1,5.537602002
COc1cc(-c2cc(-c3c(O)cccc3O)[nH]n2)cc(OC)c1O,5.537602002
Cl.Nc1ccc(/C=C/c2cc3cc(O)ccc3o2)cc1,5.530177984
Cc1ccc2nc3c(c(NCCO)c2c1)CCCC3,5.529589509
O=C(NO)c1ccc(Nc2c3ccccc3nc3ccc(OCc4ccccc4)cc23)cc1,5.522878745
O=C(NO)c1ccc(Nc2c3ccccc3nc3ccccc23)cc1,5.522878745
COC(=O)[C@]1(O)C[C@@H](OC(=O)/C=C/c2ccc(O)c(O)c2)[C@@H](OC(=O)/C=C/c2ccc(O)c(O)c2)[C@H](OC(=O)/C=C/c2ccc(O)c(O)c2)C1,5.522878745
CCN(CCCCNC(=O)c1cc(O)c(C(=O)NCCCCN(CC)Cc2ccccc2OC)cc1O)Cc1ccccc1OC,5.515700161
CCn1cc(O)c(=O)cc1/C=C/c1ccc(OCCCN2CCCCC2)cc1,5.515700161
O=C(/C=C/c1cc2ccccc2[nH]1)Nc1ccc2nc3n(c(=O)c2c1)CCC3,5.510041521
COc1ccc(CNc2nc(NC(C)=O)nc3ccccc23)cc1OC,5.508638306
O=C(CN1CCCCC1)Nc1cc(CN2CCOCC2)cc(Nc2ccnc3cc(Cl)ccc23)c1,5.508638306
Nc1nc(NCc2ccc(F)cc2)c2ccccc2n1,5.508638306
COc1cc(/C=C/C(=O)N2CC(C(=O)NCc3ccccc3)C2)ccc1OCc1ccccc1,5.504455662
O=C(Cc1ccccc1Nc1c(Cl)cccc1Cl)NCCCNCCCNC1=CC(=O)C(NCCCNCCCNC(=O)Cc2ccccc2Nc2c(Cl)cccc2Cl)=CC1=O,5.501689446
CCN(CCCCNC(=O)c1cc(O)c(C(=O)NCCCCN(CC)Cc2ccc(N(C)C)cc2)cc1O)Cc1ccc(N(C)C)cc1,5.500312917
CCN(CCCCCCOc1ccc(C(=O)/C=C/c2ccc(N(C)C)cc2)c(O)c1)Cc1ccccc1,5.498940738
COc1ccc(C(=O)/C=C/c2ccc(C(=O)N3CCOCC3)cc2)c(O)c1,5.494850022
COc1cc(/C=C/c2cc(/C=C/c3ccc(O)c(OC)c3)ncn2)ccc1O,5.494850022
CN(C)c1ccc(/C=C/c2cc3ccc(Cl)cc3o2)cc1,5.493494968
COc1ccc(CNc2cc3c(=O)n4c(nc3cc2C)CCC4)c(O)c1,5.492144128
O=C(Nc1ccc2nc3n(c(=O)c2c1)CCC3)c1cc2ccccc2o1,5.4867824
O=c1cc(/C=C/c2ccc(OCCCN3CCCCC3)cc2)occ1O,5.4867824
Cc1cc2nc3n(c(=O)c2cc1NC(=O)c1cc2cc(F)ccc2[nH]1)CCC3,5.485452247
Cn1cc(O)c(=O)cc1/C=C/c1ccc(OCCCN2CCCC2)cc1,5.482804102
CN(C)c1ccc(/C=C/c2cc(O)cc(/C=C/c3ccc(N(C)C)c(O)c3)c2)cc1O,5.48148606
CCN1/C(=C/C=C/c2sc3ccccc3[n+]2CC)Sc2ccccc21.[I-],5.48148606
CCN(CCCCCCNC(=O)c1cc(O)c(C(=O)NCCCCCCN(CC)Cc2ccccc2OC)cc1O)Cc1ccccc1OC,5.480172006
COc1cc(/C=C/C(=O)N2CC(C(=O)NCc3ccc(F)cc3)C2)ccc1OCc1ccccc1,5.474955193
COc1ccc(-c2ccc(N3N=C(C)CC3=O)cc2)cc1,5.468521083
OB1Oc2ccc3ccc(O)cc3c2C=C1c1ccc(O)c(O)c1,5.468521083
CN(C)c1ccc(/C=C/c2cc(/C=C/c3ccc(N(C)C)c(O)c3)ncn2)cc1O,5.468521083
Cc1ccc2cc(/C=C/c3ccc(N(C)C)cc3)oc2c1,5.463441557
COc1ccccc1CN(C)CCCCNC(=O)c1cc(O)c(C(=O)NCCCCN(C)Cc2ccccc2OC)cc1O,5.462180905
O=C(NO)c1ccc(Nc2c3ccccc3nc3ccc(OC(F)(F)F)cc23)cc1,5.455931956
CN(CCCCNC(=O)c1cc(O)c(C(=O)NCCCCN(C)Cc2ccccc2)cc1O)Cc1ccccc1,5.449771647
CCN(CCCOc1ccc(C(=O)/C=C/c2ccc(N(C)C)cc2)c(O)c1)Cc1ccccc1OC,5.448550002
Cc1cccc(CNc2nc(N)nc3ccccc23)c1,5.443697499
COc1cc(/C=C/C(=O)N2CC(C(=O)NCc3ccco3)C2)ccc1OCc1ccccc1,5.442492798
CN(C)c1ccc(/C=C/c2cc3ccc(O)cc3o2)cc1,5.441291429
COc1ccccc1CN(C)CCCNC(=O)c1cc(O)c(C(=O)NCCCN(C)Cc2ccccc2OC)cc1O,5.440093375
COc1cc(/C=C/C(=O)CC(=O)/C=C/c2ccc3c(c2)OCO3)ccc1O,5.431798276
Oc1ccc(-c2cccc(-c3ccc(O)c(O)c3)c2)cc1O,5.431798276
CN(C)c1cc(/C=C/c2cc(/C=C/c3ccc(O)c(N(C)C)c3)ncn2)ccc1O,5.431798276
CCN(CCCCNC(=O)c1cc(O)c(C(=O)NCCCCN(CC)Cc2ccccc2N(C)C)cc1O)Cc1ccccc1N(C)C,5.43062609
CCN(CCCCOc1ccc(C(=O)/C=C/c2ccc(N(C)C)cc2)c(O)c1)Cc1ccccc1,5.4225082
CC(C)Nc1nc(NCCc2ccccc2)c2ccccc2n1,5.420216403
CCN(CCCCNC(=O)c1cc(O)c(C(=O)NCCCCN(CC)Cc2ccccc2)cc1O)Cc1ccccc1,5.413412695
Fc1ccc(C2C=C(c3cccc4ccccc34)Nc3nncn32)cc1,5.412289035
Cc1ccc(CNc2nc(N)nc3ccccc23)cc1,5.408935393
COc1ccc(CNc2ccc3nc4n(c(=O)c3c2)CCC4)c(O)c1,5.407823243
CCN(CC)CCCOc1ccc(/C=C/c2cc(=O)c(O)co2)cc1,5.403402904
CC(C)c1c(NC(=O)/C=C/c2ccc(O)c(O)c2)cc2c(c1[N+](=O)[O-])CC[C@H]1[C@](C)(CNC(=O)/C=C/c3ccc(O)c(O)c3)CCC[C@]21C,5.402304814
CN(CCCNC(=O)c1cc(O)c(C(=O)NCCCN(C)Cc2ccccc2)cc1O)Cc1ccccc1,5.400116928
CCCSC(=O)/C=C/c1ccc(O)c(O)c1,5.399027104
CC1=NN(c2ccc(N(c3ccccc3)c3ccccc3)cc2)C(=O)C1,5.397940009
CCN(CC)Cc1cc(Nc2ccnc3cc(Cl)ccc23)ccc1O,5.397940009
COc1ccc2cc(C(=O)CN3CCN(c4ncccn4)CC3)c(=O)oc2c1,5.397940009
O=C(NCCN1CCCCC1)c1cc(Nc2ccccc2CN2CCCCC2)cc(C(=O)NCCN2CCCCC2)c1,5.387216143
O=c1cc(/C=C/c2ccc(OCCCN3CCOCC3)cc2)occ1O,5.385102784
CCN(CCCNC(=O)c1cc(O)c(C(=O)NCCCN(CC)Cc2ccccc2)cc1O)Cc1ccccc1,5.37675071
COc1cccc(CNc2ccc3nc4n(c(=O)c3c2)CCC4)c1O,5.37675071
O=C(/C=C/c1ccc(O)c(O)c1)NCCCNC(=O)/C=C/c1ccc(O)c(O)c1,5.37675071
COc1cccc(CNc2cc3c(=O)n4c(nc3cc2C)CCC4)c1O,5.370590401
COc1cc(-c2cc(-c3c(O)cccc3O)[nH]n2)ccc1O,5.366531544
CCCNc1nc(NCCc2ccc(OC)c(OC)c2)c2ccccc2n1,5.366531544
CC(C)Nc1nc(NCc2ccccc2)c2ccccc2n1,5.356547324
CCCNc1nc(NCCc2ccccc2)c2ccccc2n1,5.356547324
C[C@H](C(=O)NCCCNCCCNC1=CC(=O)C(NCCCNCCCNC(=O)[C@@H](C)c2ccc(-c3ccccc3)c(F)c2)=CC1=O)c1ccc(-c2ccccc2)c(F)c1,5.353596274
CN1CCN(c2c3c(nc4ccc([N+](=O)[O-])cc24)CCCC3)CC1,5.347366932
CCN(CC)Cc1cccc(Nc2ccnc3cc(Cl)ccc23)c1,5.346787486
CN(C)CCCOc1ccc(/C=C/c2cc(=O)c(O)co2)cc1,5.345823458
c1ccc(Nc2cc(CNCCN3CCCCC3)cc(CNCCN3CCCCC3)c2)c(CN2CCCCC2)c1,5.337242168
COc1cc(O)ccc1/C=C/C(=O)CC(=O)/C=C/c1ccc(O)cc1OC,5.337242168
OB1Oc2ccc3cc(O)ccc3c2C=C1c1ccc(O)c(O)c1,5.337242168
Cc1ccc(-n2cc(C(=O)Nc3ccc(C(O)(C(F)(F)F)C(F)(F)F)cc3)nn2)cc1C,5.337242168
O=c1c2cc(NCc3ccccc3O)ccc2nc2n1CCC2,5.328827157
O=C(/C=C/c1ccc(O)c(O)c1)O[C@@H]1[C@H](O)C[C@@](O)(C(=O)O)C[C@H]1OC(=O)/C=C/c1ccc(O)c(O)c1,5.327902142
COc1ccc(-c2cc(=O)c3c(O)cc(O)cc3o2)cc1-c1c(O)cc(O)c2c(=O)cc(-c3ccc(O)cc3)oc12,5.327902142
C[C@@H](C(=O)NCCCNCCCNC1=CC(=O)C(NCCCNCCCNC(=O)[C@H](C)c2ccc(-c3ccccc3)c(F)c2)=CC1=O)c1ccc(-c2ccccc2)c(F)c1,5.321481621
COc1ccc(CNC(=O)C2CN(C(=O)/C=C/c3ccc(OCc4ccccc4)c(OC)c3)C2)cc1,5.320572103
O=c1ccoc2cc(OCCCN3CCN(CCCNc4c5c(nc6ccccc46)CCCC5)CC3)cc(O)c12,5.318758763
O=c1cc(-c2ccc(O)c(-c3c(O)cc(O)c4c(=O)cc(-c5ccc(O)cc5)oc34)c2)oc2cc(O)cc(O)c12,5.318758763
Nc1nc(NCc2ccccc2)c2ccccc2n1,5.318758763
CC(C)Cc1ccc(C(C)C(=O)NCCCNCCCNC2=CC(=O)C(NCCCNCCCNC(=O)C(C)c3ccc(CC(C)C)cc3)=CC2=O)cc1,5.316052869
OB1Oc2ccc3ccc(O)cc3c2C=C1c1cc(O)cc(O)c1,5.30980392
COc1ccc(CCNc2nc(NC3CC3)nc3ccccc23)cc1OC,5.30980392
COC(=O)[C@H](Cc1ccc(O)c(O)c1)NC(=O)/C=C/c1ccc(O)c(O)c1,5.30980392
COc1cc(O)c2c(=O)cc(-c3ccc(O)c(-c4c(O)cc(O)c5c(=O)cc(-c6ccc(O)cc6)oc45)c3)oc2c1,5.30980392
COc1ccc(-c2cc(=O)c3c(O)cc(O)c(-c4cc(-c5cc(=O)c6c(O)cc(O)cc6o5)ccc4O)c3o2)cc1,5.30980392
CCCNc1nc(NCc2ccccc2)c2ccccc2n1,5.301029996
Clc1nc(NCCc2ccccc2)c2ccccc2n1,5.301029996
COc1ccc2cc(C(=O)CN3CCOCC3)c(=O)oc2c1,5.301029996
CC12CCC(C1)C(C)(C)C2NS(=O)(=O)c1ccc(F)cc1,5.301029996
Cc1ccc2oc(=O)c(C(=O)NCCCCCCNc3c4c(nc5ccccc35)CCCC4)cc2c1,5.301029996
O=C(/C=C/c1cc(O)cc2c1[C@H](C(O)O[C@H](Cc1ccc(O)c(O)c1)C(=O)O)[C@@H](c1ccc(O)c(O)c1)O2)O[C@H](Cc1ccc(O)c(O)c1)C(=O)O,5.301029996
O=C(/C=C/c1ccc(F)cc1F)N1CCN(Cc2ccc(O)c3ncccc23)CC1,5.296708622
O=c1cc(/C=C/c2nc3ccc(O)cc3s2)occ1O,5.295849483
Cc1cc2nc3n(c(=O)c2cc1NCc1ccccc1O)CCC3,5.293282218
Cc1cc2nc3n(c(=O)c2cc1NC(=O)c1cc2cc(Cl)ccc2[nH]1)CCC3,5.292429824
Oc1c(CN2CCCC2)cc(Nc2ccnc3cc(Cl)ccc23)cc1CN1CCCC1,5.292429824
O=C(CCCc1cc2ccccc2[nH]1)Nc1ccc2nc3n(c(=O)c2c1)CCC3,5.278189385
Nc1nc(NCc2ccc(C(F)(F)F)cc2)nc2ccccc12,5.27572413
Cn1cc(O)c(=O)cc1/C=C/c1ccc(OCCCN2CCOCC2)cc1,5.274088368
CCN(CC)CCCOc1ccc(/C=C/c2cc(=O)c(O)cn2C)cc1,5.269217724
COc1cc(/C=C/c2cc(/C=C/c3ccc(O)c(OC)c3)n(-c3ccc(Cl)nn3)n2)ccc1O,5.26760624
COc1c(-c2ccc(O)c(O)c2)oc2c(O)c(O)ccc2c1=O,5.26760624
COc1cc(/C=C/C(=O)CC(=O)/C=C/c2cccc(OC)c2O)ccc1O,5.26760624
COc1cc(OCc2ccccc2)ccc1/C=C/C(=O)CC(=O)/C=C/c1ccc2cc[nH]c2c1,5.26760624
COc1ccc2cc(/C=C/c3ccc(N)cc3)oc2c1,5.2644011
O=C(NCCCCN1CCOc2ccccc2C1)c1cc(O)c(C(=O)NCCCCN2CCOc3ccccc3C2)cc1O,5.262012674
O=C(/C=C/c1ccc2c(=O)n(CCc3ccccc3)cnc2c1)NO,5.259637311
CN1CCN(CCCOc2ccc(/C=C/c3cc(=O)c(O)co3)cc2)CC1,5.256490235
CC1=NN(c2ccc(-c3ccccc3)cc2)C(=O)C1,5.251811973
O=C(CCc1ccccc1Cl)N1CCN(Cc2ccc(O)c3ncccc23)CC1,5.248720896
O=C(CN1CCN(Cc2ccccc2)CC1)Nc1n[nH]c2ncccc12,5.246340353
c1ccc(CNc2nc(NC3CC3)nc3ccccc23)cc1,5.244125144
O=C(/C=C/c1ccc(O)c(O)c1)N[C@@H](Cc1ccc(O)c(O)c1)C(=O)O,5.244125144
CCOCCCOc1ccc(/C=C/C(=O)c2ccc(OC)cc2O)cc1OC,5.236572006
CNc1ccc(/C=C/C(=O)CC(=O)/C=C/c2ccc(NC)c(C(F)(F)F)c2)cc1C(F)(F)F,5.236572006
COc1ccc(Cn2cc(CNC(=O)[C@@H](C)CC[C@H]3O[C@H]4C[C@H]5[C@@H]6CC[C@@H]7C[C@@H](OCc8ccccc8)CC[C@]7(C)[C@H]6CC[C@]5(C)[C@H]4[C@@H]3C)nn2)cc1,5.233587153
COc1ccc(C(=O)/C=C/c2ccc(C(=O)N3CCCCC3)cc2)c(O)c1,5.229147988
CN(C)c1ccc(/C=C/c2cc(=O)c(O)co2)cc1,5.227678293
CCN(CCCCCCNC1=CC(=O)C(NCCCCCCN(CC)Cc2ccccc2OC)=CC1=O)Cc1ccccc1OC,5.226945307
CN1CCN(CCCOc2ccc(/C=C/c3cc(=O)c(O)cn3C)cc2)CC1,5.220403509
Cc1cc2nc3n(c(=O)c2cc1NCc1ccc(Cl)cc1O)CCC3,5.214670165
COc1ccc2[nH]c(C(=O)Nc3cc4c(=O)n5c(nc4cc3C)CCC5)cc2c1,5.214670165
Cc1ccc2oc(=O)c(C(=O)NCCCCCCCNc3c4c(nc5ccccc35)CCCC4)cc2c1,5.214670165
COc1ccc2c(c1)c(CC(=O)NCCCNCCCNC1=CC(=O)C(NCCCNCCCNC(=O)Cc3c(C)n(C(=O)c4ccc(Cl)cc4)c4ccc(OC)cc34)=CC1=O)c(C)n2C(=O)c1ccc(Cl)cc1,5.21395879
CN(C)CCCOc1ccc(/C=C/c2cc(=O)c(O)cn2C)cc1,5.209011525
COc1cc(/C=C/c2cc(/C=C/c3ccc(O)c(OC)c3)n(-c3ccc([N+](=O)[O-])cc3)n2)ccc1O,5.207608311
O=C(NCCN1CCCCC1)c1cc(C(=O)NCCN2CCCCC2)cc(-c2ccccc2CN2CCCCC2)c1,5.207608311
Cc1oc(/C=C/c2ccc(OCCCN3CCCCC3)cc2)cc(=O)c1O,5.203425667
O=c1c2cc(NCc3cc(F)ccc3O)ccc2nc2n1CCC2,5.200659451
COc1cc(/C=C/c2cc(/C=C/c3ccc(O)c(OC)c3)n(-c3cc(Cl)cc(Cl)c3)n2)ccc1O,5.200659451
Cc1cc2nc3n(c(=O)c2cc1NCc1cc(F)ccc1O)CCC3,5.19859629
O=c1cc(-c2ccc(O)c(O)c2)oc2cc(O)cc(O)c12,5.193820026
O=c1cc(-c2ccccc2)oc2cc(OCCCN3CCN(CCCNc4c5c(nc6ccccc46)CCCC5)CC3)cc(O)c12,5.187086643
CC(F)(F)c1nc(N)c(C(=O)Nc2ccc(F)c([C@@]3(C)N=C(N)OCC3(F)F)n2)nc1Cl,5.187086643
COc1ccc2cc(C(=O)CN3CCN(c4ccccc4)CC3)c(=O)oc2c1,5.187086643
CN(C)c1ccc(O)c(CNc2ccc(/C=C/c3cc(O)cc(O)c3)cc2)c1,5.186419011
CNS(=O)(=O)c1cc(C(=O)N(C)C)c(NCc2ccco2)cc1Cl,5.183096161
c1ccc(Nc2cc(CNCCN3CCCCC3)cc(CNCCN3CCCCC3)c2)c(CN2CCOCC2)c1,5.180456064
CNc1nc(NCCc2ccc(OC)c(OC)c2)c2ccccc2n1,5.180456064
COc1c(O)c(O)c(C(=O)O)c(C)c1C/C=C(\C)CC/C=C(\C)CCC=C(C)C,5.180456064
Cc1ccc2nc3c(c(N4CCCCC4)c2c1)CCCC3,5.174184555
COc1ccc(CNc2nc(N)c3ccccc3n2)cc1,5.167491087
CCc1nc2cc(/C=C/C(=O)NO)ccc2c(=O)n1CCc1ccccc1,5.167491087
CC(C(=O)NCCCNCCCNC1=CC(=O)c2ccccc2C1=O)c1ccc(-c2ccccc2)c(F)c1,5.162411562
COc1cc(/C=C/c2cc(/C=C/c3ccc(O)c(OC)c3)n(-c3ccc(C(C)C)cc3)n2)ccc1O,5.161150909
CCNc1nc(NCc2ccccc2)c2ccccc2n1,5.15490196
CCN(CC)CCCC(C)Nc1ccnc2cc(Cl)ccc12,5.15490196
Cc1oc(/C=C/c2ccc(OCCCN3CCCC3)cc2)cc(=O)c1O,5.154281982
O=c1c2cc(NCc3ccc(Cl)cc3O)ccc2nc2n1CCC2,5.153662888
O=c1cc(/C=C/c2nc3ccccc3o2)occ1O,5.151810883
O=[N+]([O-])c1ccc(O)c(CNc2ccc(/C=C/c3cc(O)cc(O)c3)cc2)c1,5.151195299
O=Cc1ccc(-c2ccc(-c3ccc(N(c4ccccc4)c4ccccc4)cc3)s2)s1,5.148741651
COc1ccc(CNc2nc(N=[N+]=[N-])nc3ccccc23)cc1OC,5.142667504
O=c1cc(/C=C/c2ccc(O)cc2)occ1O,5.142667504
COc1ccc(C(=O)/C=C/c2ccc(C(=O)Nc3ccccc3OC)cc2)c(O)c1,5.13667714
O=C(/C=C/c1ccccc1Cl)N1CCN(Cc2ccc(O)c3ncccc23)CC1,5.133712661
Cc1cc2nc3n(c(=O)c2cc1NCc1cc(Br)ccc1O)CCC3,5.132532512
Cc1nc2cc(/C=C/C(=O)NO)ccc2c(=O)n1CCc1c[nH]c2ccccc12,5.13076828
COc1cc2c(cc1OC)C(=O)/C(=C/c1ccc(N3CCN(C(c4ccc(F)cc4)c4ccc(F)cc4)CC3)cc1)C2,5.13076828
CN(C)c1ccc(-c2cc(NCCNc3cc(-c4ccc(N(C)C)cc4)[nH]n3)n[nH]2)cc1,5.124938737
COc1cc(/C=C/c2ccc(NCc3cc(N(C)C)ccc3O)cc2)cc(OC)c1,5.121478204
O=c1c2cc(NCc3cc(Br)ccc3O)ccc2nc2n1CCC2,5.117475462
CCN1/C(=C/C=C/c2sc3ccccc3[n+]2CC)Sc2ccc(OCCCO[N+](=O)[O-])cc21.[I-],5.113509275
COc1cc(-c2cncn2CCC(=O)NCCOc2ccccc2)ccc1OCc1ccccc1,5.110138279
COc1ccc(CNc2nc(O)nc3ccccc23)cc1OC,5.107905397
Nc1nc(NCCc2ccccc2)c2ccccc2n1,5.107905397
COc1ccc(C(=O)/C=C/c2ccc(OCc3ccccc3)cc2)c(O)c1,5.107905397
Oc1cc(O)cc(/C=C/c2ccc(NCc3cccc(O)c3O)cc2)c1,5.104025268
COc1ccccc1/C=C/c1cc(=O)c(O)co1,5.100726813
O=C(O)c1cc(/C=C/c2ccc(/C=C/c3ccc(O)c(C(=O)O)c3)c(I)c2)ccc1O,5.096910013
CCOC(=O)C(Cc1cn(-c2ccccc2)nn1)(Cc1cn(-c2ccccc2)nn1)NC(C)=O,5.093395628
CCOC(=O)C(Cc1cn(-c2ccccc2C(F)(F)F)nn1)(Cc1cn(-c2ccccc2C(F)(F)F)nn1)NC(C)=O,5.093395628
Nc1nc(NCc2ccc(Cl)cc2)nc2ccccc12,5.091514981
COc1cc(/C=C/C(=O)NCCC(=O)N2CCCCC2)ccc1OCc1ccccc1,5.087777943
CC1=C(CC(=O)NCCCNCCCNC2=CC(=O)C(NCCCNCCCNC(=O)CC3=C(C)/C(=C\c4ccc([S+](C)[O-])cc4)c4ccc(F)cc43)=CC2=O)c2cc(F)ccc2/C1=C/c1ccc([S+](C)[O-])cc1,5.087246696
COc1ccc(CCNc2nc(Cl)nc3ccccc23)cc1OC,5.086186148
CN(C)Cc1ccccc1Nc1cc(C(=O)NCCN2CCCCC2)cc(C(=O)NCCN2CCCCC2)c1,5.086186148
C[C@H]1[C@H]2[C@H](C[C@H]3[C@@H]4CC[C@@H]5C[C@@H](OCc6ccccc6)CC[C@]5(C)[C@H]4CC[C@]23C)O[C@@H]1CC[C@H](C)C(=O)NCc1cn(Cc2cscn2)nn1,5.081969663
O=c1cc(/C=C/c2ccccc2O)occ1O,5.081445469
COc1ccc(C(=O)/C=C/c2ccc(C(=O)Nc3ccc(C)cc3C)cc2)c(O)c1,5.080921908
COc1ccc(CNc2nc(NC3CC3)nc3ccccc23)cc1OC,5.080921908
COc1ccc(CNc2nc(NC(N)=O)nc3ccccc23)cc1OC,5.080921908
O=c1c2cc(NCc3cccc(Br)c3O)ccc2nc2n1CCC2,5.078833949
Cl.Cl.c1ccc2c(NCCCCCCCNc3c4c(nc5ccccc35)CCCC4)c3c(nc2c1)CCCC3,5.075720714
c1ccc2c(NCCCCCCCNc3c4c(nc5ccccc35)CCCC4)c3c(nc2c1)CCCC3,5.075720714
Nc1nc(NCc2ccccc2)nc2ccccc12,5.075720714
COc1ccc(/C=C/C(=O)c2ccc(OC)cc2O)cc1,5.075720714
COc1ccc(CNc2nc(N)nc3ccccc23)cc1OC,5.075720714
Oc1ccc(/C=C/c2ccc(O)c3ncccc23)cc1,5.070581074
COc1cc(/C=C/C(=O)N2CCC[C@H]2C(=O)NCCOc2ccccc2)ccc1OCc1ccccc1,5.066006836
O=S(=O)([O-])c1cc(S(=O)(=O)[O-])c2c(/N=N/c3ccccc3)c(O)ccc2c1.[Na+].[Na+],5.060480747
O=C(CCc1ccc(O)c(O)c1)N[C@@H](Cc1ccc(O)c(O)c1)C(=O)O,5.060480747
COc1cc(/C=C/c2cc(/C=C/c3ccc(O)c(OC)c3)n(-c3ccc(C)cc3)n2)ccc1O,5.060480747
O=C(/C=C/c1ccccc1)N1CCN(Cc2ccc(O)c3ncccc23)CC1,5.052566278
OB1Oc2ccc3cc(O)ccc3c2C=C1c1cc(O)cc(O)c1,5.050609993
CCOc1ccc(/C=C/c2cc(=O)c(O)cn2C)cc1,5.048662481
O=C(/C=C/c1ccc(O)c(O)c1)c1cccnc1,5.045757491
O=C1C(=Cc2ccc(N3CCN(C(=O)c4ccco4)CC3)cc2)C(=O)c2ccccc21,5.036212173
O=C(CCN1CCN(Cc2ccccc2)CC1)Nc1ccc2nc3n(c(=O)c2c1)CCC3,5.033389013
Cc1cc2nc3n(c(=O)c2cc1NCc1cccc(Br)c1O)CCC3,5.032920266
CN(C)c1ccc(-c2cc(=O)c3ccc(OCC(=O)NCCCCCCNc4c5c(nc6ccccc46)CCCC5)cc3o2)cc1,5.023650021
Cc1nc2cc(/C=C/C(=O)NO)ccc2c(=O)n1CCc1ccccc1,5.022276395
O=c1cc(-c2ccc(Oc3c(O)cc4oc(-c5ccc(O)cc5)cc(=O)c4c3O)cc2)oc2cc(O)cc(O)c12,5.022276395
COc1cc(OCCCN2CCN(CCCNc3c4c(nc5ccccc35)CCCC4)CC2)cc2oc(-c3ccccc3)cc(=O)c12,5.017728767
Cl.O=c1c2c(F)cccc2[se]n1-c1cc(Cl)c(O)c2ncccc12,5.017728767
CCN(CCCCCCN1C(=O)c2ccc3c4c(ccc(c24)C1=O)C(=O)N(CCCCCCN(CC)Cc1ccccc1OC)C3=O)Cc1ccccc1OC,5.013676223
COc1ccc(C(=O)/C=C/c2cc(OC)c(OC)c(OC)c2)c(O)c1,5.013228266
O=c1cc(-c2ccccc2)oc2cc(OCCN3CCN(CCCNc4c5c(nc6ccccc46)CCCC5)CC3)ccc12,5.008773924
COc1cc2c(cc1OC)C(=O)/C(=C/c1ccc(N3CCN(c4ncccn4)CC3)cc1)C2,5.004364805
COc1cc(-c2cncn2CCC(=O)NCCc2ccccc2)ccc1OCc1ccccc1,5.003926346
CC12CC[C@@H](C1)C(C)(C)[C@@H]2NS(=O)(=O)c1ccc(Br)cc1,5
CCN(CC)Cc1cc(NCCN2CCCCC2)cc(Nc2ccnc3cc(Cl)ccc23)c1,5
COc1ccc(C(=O)/C=C/c2ccc(C(=O)Nc3ccccc3O)cc2)c(O)c1,4.995678626
COc1ccc(-c2cc(=O)c3c(O)cc(O)c(-c4cc(-c5cc(=O)c6c(O)cc(O)cc6o5)ccc4OC)c3o2)cc1,4.995678626
C[C@@]12c3ccc4c(c3C(=O)c3occ(c31)[C@@H](O)C[C@@H]2O)CCC4=O,4.995678626
O=C1C(=Cc2ccc(N3CCN(c4ncccn4)CC3)cc2)C(=O)c2ccccc21,4.995248844
CCCSC(=O)/C=C/c1cc(O)ccc1O,4.991399828
CC(C)Nc1nc(N)nc2ccccc12,4.991399828
COc1ccc(C(=O)/C=C/c2cc(OC)c(OC)cc2OC)c(O)c1,4.991399828
Oc1cc(O)cc(/C=C/c2ccc(NCc3ccccc3O)cc2)c1,4.990549104
COc1cc(/C=C/c2ccc(NCc3cc(NCC(C)C)ccc3O)cc2)cc(OC)c1,4.986320303
COc1cc(/C=C/c2cc(/C=C/c3ccc(O)c(OC)c3)n(C)n2)ccc1O,4.982966661
COc1ccc(CCNc2nc(O)nc3ccccc23)cc1OC,4.982966661
Cc1cc(N2CCN(c3nc(Cl)nc(Nc4cccc(C(F)(F)F)c4)n3)CC2)n2ncnc2n1,4.981715692
CCOCCOc1cccc(/C=C/C(=O)c2ccc(OC)cc2O)c1,4.978810701
COc1cc(/C=C/C(=O)N2CC(C(=O)N3CCCCC3)C2)ccc1OCc1ccccc1,4.97674754
COc1ccc(CC(=O)Nc2nc(-c3ccccc3)cs2)cc1,4.974694135
CCN(CC)C(=O)/C=C/c1ccc(OS(=O)(=O)c2ccc(C)cc2)c(OC)c1,4.973058372
COc1cc(/C=C/CN2CCCCC2)ccc1OCc1ccccc1,4.973058372
CN(C)c1ccc(/C=C/c2ccc(NCc3cc(N(C)C)ccc3O)cc2)cc1,4.972242795
O=c1cc(/C=C/c2ccc(O)cc2)[nH]cc1O,4.969805215
COc1ccc(C(=O)/C=C/c2ccc(OCCCOc3ccccc3)c(OC)c2)c(O)c1,4.962573502
COc1cc2c(cc1OC)C(=O)/C(=C/c1ccc(N3CCN(C(=O)c4ccoc4)CC3)cc1)C2,4.962573502
CC12CC[C@@H](C1)C(C)(C)[C@@H]2NS(=O)(=O)c1ccc(Cl)cc1,4.958607315
Oc1nc(NCCc2ccccc2)c2ccccc2n1,4.950781977
COc1cc(/C=C/c2cc(/C=C/c3ccc(O)c(OC)c3)n(-c3ccccc3)n2)ccc1O,4.946921557
COc1cc(/C=C/C(=O)CC(=O)/C=C/c2ccc(O)c(OC)c2)ccc1O,4.946921557
O=C(/C=C/c1ccc(F)cc1)N1CCN(Cc2ccc(O)c3ncccc23)CC1,4.941573976
O=c1ccoc2cc(OCCCN3CCN(CCCNc4c5c(nc6ccccc46)CCCC5)CC3)ccc12,4.93930216
COc1cc(/C=C/c2cc(/C=C/c3ccc(O)c(OC)c3)n(Cc3ccccc3)n2)ccc1O,4.93930216
COc1ccc(Nc2nc(Cl)nc(N3CCN(c4cc(C)nc5ncnn45)CC3)n2)cc1,4.937418016
O=C1C(=Cc2ccc(N3CCN(C(c4ccccc4)c4ccccc4)CC3)cc2)C(=O)c2ccccc21,4.929962133
c1ccc(CCNc2ncnc3ccccc23)cc1,4.924453039
CC(C(N)=O)c1ccc(-c2cc(Cl)cc(Cl)c2)c(F)c1,4.920818754
COc1ccc(CCNc2ncnc3ccccc23)cc1OC,4.920818754
COc1ccc(/C=C/c2ccc(NCc3cc(N(C)C)ccc3O)cc2)cc1,4.913640169
COc1cc2c(cc1OC)C(=O)/C(=C/c1ccc(N3CCN(C(c4ccccc4)c4ccccc4)CC3)cc1)C2,4.913640169
COc1c(O)c(O)c(-c2c(C)c(C/C=C(\C)CC/C=C(\C)CCC=C(C)C)c(OC)c(O)c2O)c(C)c1C/C=C(\C)CC/C=C(\C)CCC=C(C)C,4.910094889
CCCN(CCC)C(=O)/C=C/c1ccc(OCc2ccccc2)c(OC)c1,4.907279355
COc1ccccc1/C=C/c1cc(=O)c(O)cn1C,4.903785415
COc1ccc(C(=O)/C=C/c2cc(Br)c(OCc3ccccc3)c(OC)c2)c(O)c1,4.903089987
C=CCOC(=S)/C=C/c1ccc(O)c(O)c1,4.903089987
Oc1cc(CN(Cc2ccccn2)Cc2ccccn2)cc(C[P+](c2ccccc2)(c2ccccc2)c2ccccc2)c1.[Br-],4.902048929
COc1cc(OCCCN2CCN(CCCNc3c4c(nc5ccccc35)CCCC4)CC2)cc2occc(=O)c12,4.899629455
OB1Oc2ccc3ccccc3c2C=C1c1cc(O)cc(O)c1,4.899629455
CCN(CC)C(=O)C1CN(C(=O)/C=C/c2ccc(OCc3ccccc3)c(OC)c2)C1,4.893469146
O=C1c2c(O)cc(O)cc2O[C@H](c2cc(O)c(O)c(O)c2)[C@H]1O,4.89279003
O=c1cc(-c2ccccc2)oc2cc(OCCCCCN3CCN(CCNc4c5c(nc6ccccc46)CCCC5)CC3)ccc12,4.89279003
COc1cc2nc3ccccc3c(Nc3ccc(C(=O)NO)cc3)c2c(OC)c1OC,4.886056648
CNc1cccc(NCCc2cccc(NCc3ccccn3)n2)n1,4.886056648
Cc1ccc(NS(=O)(=O)c2ccc(Cl)cc2)c(/N=C/c2cc(Cl)cc(Cl)c2O)c1,4.886056648
COc1cc2oc(-c3ccc(O)cc3)cc(=O)c2c(O)c1-c1c(O)cc(O)c2c(=O)cc(-c3ccc(O)cc3)oc12,4.886056648
CCCNc1ccc(O)c(CNc2ccc(/C=C/c3cc(OC)cc(OC)c3)cc2)c1,4.883724412
O=C(O)c1cccnc1,4.882728704
COc1cc(O)c2c(=O)cc(-c3ccc(OC)c(-c4c(O)cc(O)c5c(=O)cc(-c6ccc(O)cc6)oc45)c3)oc2c1,4.879426069
O=c1cc(-c2ccccc2)oc2cc(OCCCCCN3CCN(CCCNc4c5c(nc6ccccc46)CCCC5)CC3)ccc12,4.879426069
O=C(CCN1CCN(Cc2ccccc2)CC1)Nc1n[nH]c2ncccc12,4.877129077
NC(=O)Nc1nc(NCc2ccccc2)c2ccccc2n1,4.876148359
COc1ccc(C(=O)/C=C/c2ccc(C(=O)Nc3cc([N+](=O)[O-])ccc3O)cc2)c(O)c1,4.876148359
Nc1nc(NCc2cccc(Cl)c2)nc2ccccc12,4.872895202
Cc1cc(N2CCN(c3nc(Cl)nc(Nc4ccccc4F)n3)CC2)n2ncnc2n1,4.872895202
C[C@@]12c3ccc4c(c3C(=O)c3occ(c31)C(=O)C[C@H]2O)CCC4=O,4.872895202
COc1ccc2oc(=O)c(C(=O)NCCCCCCCNc3c4c(nc5ccccc35)CCCC4)cc2c1,4.872895202
O=c1cc(-c2ccccc2)oc2cc(OCCCCCCN3CCN(CCCNc4c5c(nc6ccccc46)CCCC5)CC3)ccc12,4.869666232
Nc1nc(NCC2CCCCC2)c2ccccc2n1,4.866461092
O=c1cc(-c2ccccc2)oc2cc(OCCCN3CCN(CCNc4c5c(nc6ccccc46)CCCC5)CC3)ccc12,4.863279433
Nc1nc(NCc2cccc(C(F)(F)F)c2)nc2ccccc12,4.860120914
O=C(O)C1(c2ccc(-c3ccc(Cl)c(Cl)c3)c(F)c2)CC1,4.853871964
COc1ccc2cc(C(=O)CN3CCC(c4ccccc4)CC3)c(=O)oc2c1,4.853871964
COc1cc(/C=C/c2cc(/C=C/c3ccc(OCC(=O)O)c(OC)c3)on2)ccc1OCC(=O)O,4.850780887
O=c1cc(-c2ccc([N+](=O)[O-])cc2)oc2cc(OCCCN3CCN(CCCNc4c5c(nc6ccccc46)CCCC5)CC3)ccc12,4.850780887
CN(C)c1ccccc1CNc1ccc(/C=C/c2cc(O)cc(O)c2)cc1,4.848936747
O=c1cc(-c2ccccc2)oc2cc(OCCCCCCN3CCN(CCNc4c5c(nc6ccccc46)CCCC5)CC3)ccc12,4.847711656
COc1ccc(CCNc2nc(NC(N)=O)nc3ccccc23)cc1OC,4.841637508
CC1=NN(c2ccc(-c3cccnc3)cc2)C(=O)C1,4.838631998
COc1ccc(C(=O)/C=C/c2ccc(C(=O)N3CCCC3)cc2)c(O)c1,4.835647144
Nc1nc(NCc2cccc(F)c2)nc2ccccc12,4.832682665
Nc1nc(NCc2ccc(Br)cc2)c2ccccc2n1,4.829738285
Nc1nc(NCCc2ccccc2)nc2ccccc12,4.826813732
CCCNc1nc(N)nc2ccccc12,4.826813732
O=c1cc(-c2ccccc2)oc2cc(OCCCN3CCN(CCCNc4c5c(nc6ccccc46)CCCC5)CC3)ccc12,4.826813732
O=C(O)c1c(O)cc2c([nH]c3ccccc32)c1O,4.823908741
Cc1ccc2nc3c(c(NCCN4CCOCC4)c2c1)CCCC3,4.822752164
COc1cc(/C=C/c2cc(/C=C/c3ccc(O)c(OC)c3)n(-c3cccc([N+](=O)[O-])c3)n2)ccc1O,4.821023053
O=c1c(O)c(-c2cc(O)c(O)c(O)c2)oc2cc(O)cc(O)c12,4.821023053
Oc1ccc(/C=C/c2cc(O)cc(O)c2)cc1,4.820735536
O=C(CCCCCN1CCC2c3ccccc3NC2C1)Oc1ccc(/C=C2\CCn3c2nc2ccccc2c3=O)cc1,4.820448209
O=c1c(O)c(-c2ccc(O)c(O)c2)oc2cc(O)cc(O)c12,4.815308569
CN1CCC(c2c[nH]c3cc(Nc4ccc5[nH]cc(C6CCN(C)CC6)c5c4)ccc23)CC1,4.815308569
Cn1cc(O)c(=O)cc1/C=C/c1ccc(O)cc1,4.813043665
CCOC(=O)c1cnc2ccccc2c1N1CCN(CC(=O)Nc2n[nH]c3ncccc23)CC1,4.803547458
Oc1ccc(-c2cc(-c3c(O)cccc3O)[nH]n2)cc1,4.801342913
Cc1cc(N2CCN(c3nc(Cl)nc(Nc4ccc(F)cc4)n3)CC2)n2ncnc2n1,4.798876103
CCCCCCCCCCCCNC(=O)c1ccc(/C=C/C(=O)c2ccc(OC)cc2O)cc1,4.798602876
COc1ccc(-c2cc(=O)c3c(O)cc(O)c(-c4c(OC)cc5oc(-c6ccc(O)cc6)cc(=O)c5c4O)c3o2)cc1,4.798602876
Cc1cc(N2CCN(c3nc(Nc4cccc(C(F)(F)F)c4)nc(Nc4ccc(F)c(Cl)c4)n3)CC2)n2ncnc2n1,4.788078916
O=c1cc(-c2ccccc2)oc2cc(OCCCCN3CCN(CCNc4c5c(nc6ccccc46)CCCC5)CC3)ccc12,4.785156152
O=C(/C=C/c1ccc(O)c(O)c1)O[C@@H]1C[C@](O)(C(=O)O)C[C@@H](OC(=O)/C=C/c2ccc(O)c(O)c2)[C@H]1O,4.785156152
COc1ccccc1/C=C/c1cc(=O)c(O)c[nH]1,4.782516056
CC(C)=CCC/C(C)=C/CC/C(C)=C/Cc1c(C)cc(O)c(O)c1O,4.777283529
Clc1nc(NCc2ccccc2)c2ccccc2n1,4.777283529
O=c1cc(-c2ccccc2)oc2cc(OCCN3CCN(CCNc4c5c(nc6ccccc46)CCCC5)CC3)ccc12,4.774690718
CC1=NN(c2cccc(N3CCCC3)c2)C(=O)C1,4.774690718
N#Cc1ccc(/C=C/C(=O)N2CCN(Cc3ccc(O)c4ncccc34)CC2)cc1,4.774432287
COc1cc(/C=C/C(=O)N2CCC[C@@H]2C(=O)NCCOc2ccccc2)ccc1OCc1ccccc1,4.773915884
CCN1/C(=C/C=C/c2sc3ccc(OCc4no[n+]([O-])c4C(N)=O)cc3[n+]2CC)Sc2ccc(OCc3no[n+]([O-])c3C(N)=O)cc21.O=S(=O)([O-])C(F)(F)F,4.769551079
CNc1cccc(NCCCc2cccc(NCCCc3ccccn3)n2)n1,4.769551079
COc1cc(/C=C/C(=O)N2CCC[C@H]2C(=O)N2CCCCC2)ccc1OCc1ccccc1,4.767512134
CCN(CC)CCCOc1ccc(-n2ccc(=O)c(O)c2C)cc1,4.763714723
O=c1cc(-c2ccccc2)oc2cc(OCCCCN3CCN(CCCNc4c5c(nc6ccccc46)CCCC5)CC3)ccc12,4.761953897
COc1cc(O)c2c(=O)cc(-c3ccc(O)cc3)oc2c1-c1c(OC)cc(O)c2c(=O)cc(-c3ccc(O)cc3)oc12,4.761953897
Cc1ccccc1/C=C/C(=O)N1CCN(Cc2ccc(O)c3ncccc23)CC1,4.761201437
O=[N+]([O-])c1cccc(C2C=C(c3cccc4ccccc34)Nc3nncn32)c1,4.758453519
OB1Oc2ccc(O)cc2C=C1c1ccc(O)c(O)c1,4.756961951
COc1ccc(Nc2nc(Cl)nc(Nc3cccc(C(F)(F)F)c3)n2)cc1,4.754487332
O=c1cc(/C=C/c2cccc(F)c2)occ1O,4.752517739
COc1cc(/C=C/C(=O)N2CCC[C@@H]2C(=O)NCc2ccccc2)ccc1OCc1ccccc1,4.750801643
N#Cc1c[nH]c2nc(Nc3ccc4c(C5CCNCC5)c[nH]c4c3)ccc12,4.749579998
COc1ccc(C(=O)/C=C/c2ccc(C(=O)NC(C)C)cc2)c(O)c1,4.749579998
COc1cc(/C=C/c2cc(/C=C/c3ccc(O)c(OC)c3)n(CCO)n2)ccc1O,4.749579998
Fc1ccc(Nc2nc(Cl)nc(Nc3cccc(C(F)(F)F)c3)n2)c(F)c1,4.74836178
O=C(CN1CCN(CC(=O)Nc2n[nH]c3ncccc23)CC1)Nc1n[nH]c2ncccc12,4.747389659
COc1cc(/C=C/C(=O)NCCC(=O)NCCOc2ccccc2)ccc1OCc1ccccc1,4.746904414
O=c1cc(/C=C/c2cc(O)cc(O)c2)occ1O,4.745935547
Cc1ccc(Nc2nc(Cl)nc(Nc3ccc(F)c(Cl)c3)n2)cc1,4.743522794
Cc1nc2cc(/C=C/C(=O)NO)ccc2c(=O)n1Cc1ccccc1,4.742321425
COc1ccc(CCC(=O)N2CCN(Cc3ccc(O)c4ncccc34)CC2)cc1,4.738023809
O=C(CCCCCN1CCC2c3ccccc3NC2C1)Nc1ccc(/C=C2\CCn3c2nc2ccccc2c3=O)cc1,4.73754891
Cc1cc(N2CCN(c3nc(Nc4ccc(F)cc4)nc(Nc4cccc(C(F)(F)F)c4)n3)CC2)n2ncnc2n1,4.737311656
COc1cc(/C=C/c2ccc(NCc3cc(NC(C)C)ccc3O)cc2)cc(OC)c1,4.736363931
Cc1nc2cc(/C=C/C(=O)NO)ccc2c(=O)n1-c1ccccc1,4.735182177
COc1ccc(C(=O)/C=C/c2ccc(C(=O)O)cc2)c(O)c1,4.732828272
Fc1ccc(Nc2nc(Cl)nc(Nc3cccc(C(F)(F)F)c3)n2)cc1,4.731656086
COc1cc([C@H]2C[C@@H]2C(=O)N2CCCCC2)ccc1OCc1ccccc1,4.729321164
COc1cc(/C=C/C(=O)N2CCC[C@H]2C(=O)NCc2ccccc2)ccc1OCc1ccccc1,4.727694156
COc1ccc(C(=O)/C=C/c2ccc(C(=O)NCc3ccccc3)cc2)c(O)c1,4.723538196
COc1ccc(/C=C/C(=O)N2CCN(Cc3ccc(O)c4ncccc34)CC2)cc1OC,4.722620025
O=c1cc(/C=C/c2cccc(F)c2)[nH]cc1O,4.721932669
CCOCCOc1ccc(/C=C/C(=O)c2ccc(OC)cc2O)cc1,4.718966633
COc1ccc(C(=O)/C=C/c2ccc(C(=O)NCCc3ccccc3)cc2)c(O)c1,4.718966633
COc1ccc(CNC(=O)[C@@H]2CCCN2C(=O)/C=C/c2ccc(OCc3ccccc3)c(OC)c2)cc1,4.715794932
Cn1cc(O)c(=O)cc1/C=C/c1cccc(F)c1,4.711303739
Clc1ccc(/C=N/c2ccc3cn[nH]c3c2)cc1Cl,4.709965389
CC1=NN(c2ccc(-n3c(-c4ccccc4)cc4ccccc43)cc2)C(=O)C1,4.707743929
O=C(/C=C/c1ccc(O)cc1)c1ccc(O)cc1O,4.705533774
O=C(CCN1CCC2c3ccccc3NC2C1)Oc1ccc(/C=C2\CCn3c2nc2ccccc2c3=O)cc1,4.705313376
O=C(CCc1ccccc1)N1CCN(Cc2ccc(O)c3ncccc23)CC1,4.704652852
CCCNC(=O)c1ccc(/C=C/C(=O)c2ccc(OC)cc2O)cc1,4.701146924
CC(C)=CCC/C(C)=C/CC/C(C)=C/Cc1c(C)cc(O)cc1O,4.701146924
COc1ccc(/C=C/c2cc(Br)cc(/C=C/c3ccc(OC)c(OC)c3)c2)cc1OC,4.698970004
CC(C(=O)OC(C)(C)C)c1ccc(-c2cc(Cl)cc(Cl)c2)c(F)c1,4.698970004
O=C(CCOc1ccc(F)cc1)Nc1ccc2c(c1)C[C@H]1CC[C@@H](C2)[C@H]1NS(=O)(=O)c1ccc(Cl)s1,4.698970004
COc1ccc(-c2cc(=O)c3c(O)cc(OC)c(-c4cc(-c5cc(=O)c6c(O)cc(O)cc6o5)ccc4O)c3o2)cc1,4.696803943
COc1ccc(C(=O)/C=C/c2ccc(C(=O)N(C)c3ccccc3)cc2)c(O)c1,4.696803943
CC(C)=CCC/C(C)=C/CC/C(C)=C/Cc1c(O)cc(C)c(C(=O)O)c1O,4.692503962
COc1cccc(CNc2nc(N)nc3ccccc23)c1,4.68613278
O=C(CCc1ccc(F)cc1)N1CCN(Cc2ccc(O)c3ncccc23)CC1,4.685922008
Cc1ccc(Nc2nc(Cl)nc(Nc3cccc(C(F)(F)F)c3)n2)cc1,4.683610249
Nc1nc(NCc2cccc(C(F)(F)F)c2)c2ccccc2n1,4.677780705
COc1cc2oc(-c3ccc(O)cc3)cc(=O)c2c(O)c1-c1cc(-c2cc(=O)c3c(O)cc(O)cc3o2)ccc1O,4.671620397
OB1Oc2cc(O)ccc2C=C1c1cc(O)cc(O)c1,4.663540266
O=c1cc(/C=C/c2ccccc2O)[nH]cc1O,4.662341109
COc1cc(/C=C/C(=O)N2CC(C(=O)N3CC(F)(F)C3)C2)ccc1OCc1ccccc1,4.660946264
CN(Cc1ccccc1)S(=O)(=O)c1cc(C(=O)O)c(NCc2ccco2)cc1Cl,4.65915945
O=C(O)C1(c2ccc(-c3ccc(C(F)(F)F)cc3)c(F)c2)CC1,4.657577319
Nc1nc(NCc2cccc(Br)c2)c2ccccc2n1,4.651695137
Cc1ccc(CNc2nc(N)c3ccccc3n2)cc1,4.647817482
O=C(/C=C/c1ccc(Cl)cc1)N1CCN(Cc2ccc(O)c3ncccc23)CC1,4.646853454
O=C(/C=C/c1ccccc1)N[C@@H](Cc1ccc(O)c(O)c1)C(=O)O,4.643974143
CCOc1ccc(/C=C/c2cc(=O)c(O)c[nH]2)cc1,4.630969778
FC(F)(F)c1cccc(Nc2nc(NC3CC3)nc(N3CCNCC3)n2)c1,4.628193541
c1cc2ncc(Nc3ccc4cc[nH]c4n3)cc2[nH]1,4.623423043
COC(=O)c1ccc(/C=C/C(=O)c2ccc(OC)cc2O)cc1,4.623423043
COc1ccc(Nc2nc(Cl)nc(Nc3ccc(F)c(Cl)c3)n2)cc1,4.623423043
FC(F)(F)c1ccc(Nc2ccc3c(C4CCNCC4)c[nH]c3c2)cn1,4.619788758
Fc1ccc(Nc2ccc3c(C4CCNCC4)c[nH]c3c2)cc1F,4.619788758
c1ccc2c(NCCSSCCNc3c4c(nc5ccccc35)CCCC4)c3c(nc2c1)CCCC3,4.616184634
O=C(NCCCCCCNc1c2c(nc3ccccc13)CCCC2)c1cc2cc(OC(F)(F)F)ccc2oc1=O,4.616184634
COc1cc(/C=C/C(=O)N(C)C)ccc1OCc1ccccc1,4.609064893
CC(C)=CCC/C(C)=C/CC[C@@]1(C)C=Cc2c(cc(C)c(C(=O)O)c2O)O1,4.607303047
Cc1ccc(Nc2nc(Nc3ccc(F)c(Cl)c3)nc(N3CCN(c4cc(C)nc5ncnn45)CC3)n2)cc1,4.602059991
COc1ccc(Nc2ccc3c(C4CCN(C)CC4)c[nH]c3c2)cc1OC,4.602059991
CNc1cccc(NCCc2cccc(NCCc3ccccn3)n2)n1,4.602059991
c1cc2c(C3CCNCC3)c[nH]c2cc1Nc1ccc2c(C3CCNCC3)c[nH]c2n1,4.591760035
CCN1/C(=C/C=C/c2sc3ccc(OCCCO[N+](=O)[O-])cc3[n+]2CC)Sc2ccc(OCCCO[N+](=O)[O-])cc21.O=S(=O)([O-])C(F)(F)F,4.585026652
CC1=NN(c2ccc(-n3cccc3)cc2)C(=O)C1,4.585026652
CCN1/C(=C/C=C/c2sc3ccccc3[n+]2CC)Sc2ccc(OCc3no[n+]([O-])c3C(N)=O)cc21.[I-],4.585026652
c1cc2c(C3CCNCC3)c[nH]c2cc1Nc1ccc2[nH]cc(C3CCNCC3)c2c1,4.575118363
COc1cc2c(Nc3ccc(C(=O)/C=C/c4nc(C)c(C)nc4C)cc3)ncnc2c(OC)c1OC,4.573488739
CC1=NN(c2cccc(COCc3ccccc3)c2)C(=O)C1,4.568636236
COc1cc(/C=C/C(=O)N2CCCCC2)ccc1OCc1ccccc1,4.553773598
C[C@]1(O)c2ccc3c(c2C(=O)c2occ(CCCO)c21)CCC3=O,4.552841969
O=C(O)CN(CCN(CC(=O)O)CC(=O)O)CC(=O)O,4.54668166
Cc1ccc(-c2cc(NCCNc3cc(-c4cccs4)[nH]n3)n[nH]2)cc1,4.537602002
CN(C)c1ccc(/C=C/c2cc(=O)c(O)c[nH]2)cc1,4.534319788
COc1c(O)c(O)cc(C)c1C/C=C(\C)CC/C=C(\C)CCC=C(C)C,4.53313238
COc1ccccc1OCCNCC(O)COc1cccc2[nH]c3ccccc3c12,4.522878745
Fc1ccc(Nc2ccc3c(C4CCNCC4)c[nH]c3n2)cc1F,4.522878745
Cc1ccc(NS(=O)(=O)c2ccc(Cl)cc2)c(N)c1,4.522878745
O=c1c(O)c(-c2ccc(O)cc2O)oc2cc(O)cc(O)c12,4.518557371
Nc1nn(-c2c3c(nc4ccc([N+](=O)[O-])cc24)CCCC3)c2ncccc12,4.498119506
O=C(O)/C=C/c1ccc(O)c(O)c1,4.484126156
COc1cc2oc(-c3ccc(O)cc3)cc(=O)c2c(O)c1-c1c(OC)cc(O)c2c(=O)cc(-c3ccc(O)cc3)oc12,4.484126156
O=C1c2c(O)cc(O)cc2O[C@H](c2ccc(O)c(O)c2)[C@H]1O,4.48148606
C[C@]1(O)c2ccc3c(c2C(=O)c2occ(CCO)c21)CCC3=O,4.46470588
COc1ccc2nc3cc(Cl)ccc3c(Nc3ccc(C(=O)NO)cc3)c2n1,4.457174573
CCN(CC)C(=O)CCc1ccc(OCc2ccccc2)c(OC)c1,4.456801414
CNc1cccc(CCNc2cccc(NCCc3ccccn3)n2)n1,4.455931956
COc1cc(/C=C/C(=O)N2CC(C(=O)N3CCOCC3)C2)ccc1OCc1ccccc1,4.447696891
COc1ccc2cc(C(=O)CN3CCN(Cc4ccccc4)CC3)c(=O)oc2c1,4.443697499
COc1ccc2cc(C(=O)CN3CCC(Cc4ccccc4)CC3)c(=O)oc2c1,4.443697499
CCN(CC)C(=O)/C=C/c1ccc(OCc2ccccc2)c(OC)c1,4.405939099
Fc1ccc(-c2cc(NCCNc3cc(-c4ccc(F)cc4)[nH]n3)n[nH]2)cc1,4.392544977
COC(=O)c1c(C)cc(O)c(C/C=C(\C)CCCC2=C/C(=C\C(C)(C)O)OC2=O)c1O,4.390405591
CC(NS(=O)(=O)c1cc(C(=O)O)c(NCc2ccco2)cc1Cl)c1ccccc1,4.38563016
O=C(O)c1cc(S(=O)(=O)N2CCOCC2)c(Cl)cc1NCc1ccco1,4.385524634
Cn1cc(C2CCNCC2)c2ccc(Nc3ccc(F)c(F)c3)cc21,4.37675071
C[C@@]12C(=O)CC[C@H]1C1=C(C[C@H]2O)[C@@]2(C)CC[C@H](O)c3coc(c32)C1=O,4.361510743
COc1cc(/C=C/C(=O)Oc2cc(O)c3c(c2)O[C@H](c2ccc4c(c2)O[C@@H](c2ccc(O)c(OC)c2)[C@H](CO)O4)[C@@H](O)C3=O)ccc1O,4.360513511
CCOc1cc(CNc2ccccc2)ccc1Oc1ccnc2cc(Cl)ccc12,4.351444844
O=C(CCCCC1CCSS1)NCCCNc1c2c(nc3cc(Cl)ccc13)CCCC2,4.346787486
CCCN(CCC)C(=O)/C=C/c1ccc(OC)c(OC)c1,4.343805938
COc1ccc(-c2cc(=O)c3c(O)cc(OC)c(-c4c(OC)cc(O)c5c(=O)cc(-c6ccc(O)cc6)oc45)c3o2)cc1,4.341035157
COc1cc([C@H]2C[C@@H]2C(=O)N(C)C)ccc1OCc1ccccc1,4.339324212
CC(C(=O)O)c1ccc(-c2ccc(C3CCCCC3)cc2)c(F)c1,4.337242168
CCOc1cc(CNc2ccc(OC)cc2)ccc1Oc1ccnc2cc(Cl)ccc12,4.333294864
CCCCCCNS(=O)(=O)c1cc(C(=O)O)c(NCc2ccco2)cc1Cl,4.320481256
CN1CCC(c2c[nH]c3cc(Nc4ccc(F)c(F)c4)ccc23)CC1,4.318758763
Cc1nc(C)c(C(=O)OCCCOC(=O)c2ccccn2)nc1C,4.308564848
COC(=O)c1c(C)c(C/C=C(\C)CC/C=C(\C)CCC=C(C)C)c(OC)c(O)c1O,4.298432015
CN(CCCCNc1c2c(nc3c(NC(=O)CNC(=O)CC[C@H](NC(=O)CNC(=O)OCc4ccccc4)C(=O)N[C@@H](Cc4ccccc4)C(=O)OCc4ccccc4)cccc13)CCCC2)CCCNc1c2c(nc3ccccc13)CCCC2,4.292429824
C/C(=C\Cc1c(O)cc(C)c(C(=O)O)c1O)CCCC1=C/C(=C\C(C)(C)O)OC1=O,4.289036881
CNS(=O)(=O)c1cc(C(=O)O)c(NCc2ccco2)cc1Cl,4.275642196
C/C(=C\Cc1c(O)cc(C)c(C(=O)O)c1O)CC/C=C(\C)CC[C@H](O)C(C)(C)O,4.273272791
COc1ccc(CNC(=O)CCNC(=O)/C=C/c2ccc(OCc3ccccc3)c(OC)c2)cc1,4.265920593
O=c1c(O)c(-c2ccccc2O)oc2cc(O)cc(O)c12,4.256490235
CNS(=O)(=O)c1cc(C(=O)OC)c(NCc2ccco2)cc1Cl,4.252199909
CCCCCCCCCCCCCCC[C@@H](O)C(=O)N[C@@H](CO[C@@H]1O[C@H](CO)[C@@H](O)[C@H](O)[C@H]1O)[C@H](O)/C=C/CC/C=C(\C)CCCCCCCCC,4.202732459
COc1cc(/C=C/C(=O)N2CCCC2)ccc1OCc1ccccc1,4.186485728
OC[C@@H]1Cc2c([nH]c3ccccc23)CN1Cc1cn(C[C@@H]2Cc3c([nH]c4ccccc34)CN2)nn1,4.178093623
CC(C)=CCC/C(C)=C/CCC1(C)C=Cc2c(O)cc(C)cc2O1,4.167491087
CC(O)c1ccc(CNS(=O)(=O)c2cc(C(=O)O)c(NCc3ccco3)cc2Cl)cc1,4.164309429
CNS(=O)(=O)c1cc(-c2nnn[nH]2)c(NCc2ccco2)cc1Cl,4.151934105
C[C@@]1(O)c2ccc3c(c2C(=O)c2occ([C@@H](O)CCO)c21)CCC3=O,4.14327111
O=C(/C=C/c1ccc(O)c(O)c1)O[C@H](Cc1ccc(O)c(O)c1)C(=O)O,4.14327111
O=C(/C=C/c1ccc(O)c(O)c1)N[C@@H](Cc1ccccc1)C(=O)O,4.137272472
O=c1c(O)c(-c2ccc(O)cc2)oc2cc(O)cc(O)c12,4.124360063
COc1cc(/C=C/C(=O)N2CCOCC2)ccc1OCc1ccccc1,4.107515821
COc1cc(/C=C/C(=O)N(C)OC)ccc1OCc1ccccc1,4.097616316
O=C(O)C1(c2ccc(-c3ccc(OC4CCOCC4)cc3)c(F)c2)CC1,4.091514981
COc1cc(/C=C/C(=O)NCCC(=O)NCc2ccccc2)ccc1OCc1ccccc1,4.088522783
CNS(=O)(=O)c1cc(C(N)=O)c(NCc2ccco2)cc1Cl,4.084020086
O=C(/C=C/c1ccc(F)cc1)Nc1ccc2c(c1)C[C@H]1CC[C@@H](C2)[C@H]1NS(=O)(=O)c1ccc(Cl)s1,4.075720714
COc1cc(/C=C/C(=O)Oc2cc(O)c3c(c2)O[C@H](c2ccc4c(c2)O[C@H](c2ccc(O)c(OC)c2)[C@@H](CO)O4)[C@@H](O)C3=O)ccc1O,4.068033885
O=C(/C=C/c1ccc(O)c(O)c1)N[C@@H](Cc1ccc(O)cc1)C(=O)O,4.056505484
O=C(/C=C/c1ccc(O)c(O)c1)O[C@@H]1C[C@](O)(C(=O)O)C[C@@H](O)[C@H]1O,4.031984286
CC(C(=O)O)c1ccc(-c2cc(Cl)cc(Cl)c2)c(F)c1,4.026872146
C[C@]1(O)c2ccc3c(c2C(=O)c2occ([C@@H](O)CCO)c21)CCC3=O,4.018181393
COc1cc(/C=C/C(=O)Nc2nnn[nH]2)ccc1OCc1ccccc1,4.006740169
CCCN(CCC)C(=O)/C=C/c1ccc(O)c(OC)c1,4.005287015
CN(C)c1cccc(Oc2cnc(Nc3cccc(O)c3)nc2)c1,4
CCCCCC(=O)O[C@H]1CC[C@@]2(C)C(=CC[C@@H]3[C@@H]4C[C@@H]5O[C@]6(CC[C@@H](C)CO6)[C@@H](C)[C@@H]5[C@@]4(C)CC[C@@H]32)C1,4
NCCCS(=O)(=O)O,4
Oc1c(I)cc(Cl)c2cccnc12,4
O=C(O[C@@H]1Cc2c(O)cc(O)cc2O[C@@H]1c1cc(O)c(O)c(O)c1)c1cc(O)c(O)c(O)c1,4
O[C@H]1[C@H](O)[C@@H](O)[C@H](O)[C@@H](O)[C@@H]1O,4
CC1(C)CCC(c2ccc(-c3ccc(C4(C(=O)O)CC4)cc3F)cc2)CC1,3.995678626
CNC(=O)c1cc(S(=O)(=O)NC)c(Cl)cc1NCc1ccco1,3.98889497
COc1cc(/C=C/C(=O)N2CC(F)(F)C2)ccc1OCc1ccccc1,3.971347426
O=C(O)C1(c2ccc(-c3ccc(-c4ccc(O)cc4)c(F)c3)c(F)c2)CC1,3.954677021
CN(C)S(=O)(=O)c1cc(C(=O)O)c(NCc2ccco2)cc1Cl,3.946422213
O=C(O)c1cc(S(=O)(=O)NC2CCCCC2)c(Cl)cc1NCc1ccco1,3.93734282
CNS(=O)(=O)c1cc(CO)c(NCc2ccco2)cc1Cl,3.929999096
CCN(CC)C(=O)/C=C/c1ccc(O)c(O)c1,3.923869505
O=C(O)c1ccc(F)cc1NCc1ccco1,3.887596107
COc1ccc(C(O)C(F)(F)F)c(NCc2cscn2)c1,3.88709351
CNS(=O)(=O)c1cc(C(=O)O)c(NCC2CCCO2)cc1Cl,3.865217471
CCNS(=O)(=O)c1cc(C(=O)O)c(NCc2ccco2)cc1Cl,3.862044876
CC(C)=CCC/C(C)=C/CC/C(C)=C/Cc1c(O)cc(C)cc1O,3.827397069
CC(C)=CC(=O)C/C(C)=C/CC/C(C)=C/Cc1c(O)cc(C)c(C(=O)O)c1O,3.821598658
OC(c1ccc(F)cc1NCc1ccco1)C(F)(F)F,3.815166666
O=C(O)c1ccc(Br)cc1NCc1ccco1,3.811296452
O=C(O)c1cc(S(=O)(=O)Nc2ccccc2)c(Cl)cc1NCc1ccco1,3.775907412
O=c1cc(-c2ccc(O)cc2)oc2cc(O)cc(O)c12,3.753994096
CN1C(=O)[C@@]23CCC(=O)N2C[C@@]12C[C@@]1(C(=O)Nc4c1ccc1c4C=CC(C)(C)O1)C(C)(C)[C@@H]2C3,3.729088361
O=C(/C=C/c1ccc(C(F)(F)F)cc1)Nc1ccc2c(c1)C[C@H]1CC[C@@H](C2)[C@H]1NS(=O)(=O)c1ccc(Cl)s1,3.698970004
C[C@H]1CN2C[C@]34C[C@@]5(C(=O)Nc6c5ccc5c6C=CC(C)(C)O5)C(C)(C)[C@@H]3C[C@@]2(C1)C(=O)N4C,3.691008971
CCN(CC)C(=O)/C=C/c1ccc(O)c(OC)c1,3.687272716
COC(=O)c1c(C)cc(O)c(C/C=C(\C)CC/C=C(\C)CCC=C(C)C)c1O,3.655607726
COc1cc(/C=C/C(=O)O)ccc1O,3.645449804
CNc1cccc(CCNc2cccc(CCN(c3ccccn3)c3ccccn3)n2)n1,3.619788758
C[C@@H]1C[C@@]23C[C@H]4C(C)(C)[C@@]5(C[C@]4(CN2C1=O)NC3=O)C(=O)Nc1c5ccc2c1C=CC(C)(C)O2,3.612076533
C[C@H]1CN2C[C@]34C[C@@]5(C(=O)Nc6c5ccc5c6OC=CC(C)(C)O5)C(C)(C)[C@@H]3C[C@@]2(C1)C(=O)N4C,3.56944123
CNc1cccc(CCNc2cccc(CCNc3ccccn3)n2)n1,3.552841969
O=c1oc2c(O)c(O)cc3c(=O)oc4c(O)c(O)cc1c4c23,3.522878745
O=c1cc(/N=N/N=P(CCP(=N/N=N/c2cc(=O)oc3ccccc23)(c2ccccc2)c2ccccc2)(c2ccccc2)c2ccccc2)c2ccccc2o1,3.471378926
O=C(O)C1(c2ccc(-c3ccc(-c4ccc(O)cc4)cc3)c(F)c2)CC1,3.388276692
O=C(CCc1cc(C(F)(F)F)ccc1C(F)(F)F)Nc1ccc2c(c1)C[C@H]1CC[C@@H](C2)[C@H]1NS(=O)(=O)c1ccc(Cl)s1,3.200659451
CN1C(=O)[C@@H](NCC(=O)Nc2ccc3c(c2)C[C@H]2CC[C@@H](C3)[C@H]2NS(=O)(=O)c2ccc(Cl)s2)N=C(c2ccccc2)c2ccccc21,3.096910013
